-1.500000,-0.800000,0.700000,0.782541,0.588146,-0.204239,0
-1.800000,2.000000,0.400000,0.964022,-0.230636,-0.132172,0
-1.800000,2.000000,0.400000,0.967963,-0.217347,-0.125729,1
-1.800000,2.000000,0.400000,0.971198,-0.205215,-0.121084,2
-1.800000,2.000000,0.400000,0.973867,-0.194184,-0.117798,3
-1.800000,2.000000,0.400000,0.976078,-0.184186,-0.115529,4
1.300000,0.200000,0.300000,-0.041647,0.957535,-0.285294,0
1.300000,0.200000,0.300000,-0.045472,0.960206,-0.275567,1
1.300000,0.200000,0.300000,-0.049441,0.962585,-0.266431,2
-1.800000,-0.300000,0.300000,0.885587,0.455187,-0.092415,0
0.600000,0.200000,-0.900000,0.426503,0.698005,0.575225,0
0.600000,0.200000,-0.900000,0.435699,0.706013,0.558312,1
0.600000,0.200000,-0.900000,0.444320,0.713206,0.542141,2
0.600000,0.200000,-0.900000,0.452376,0.719621,0.526784,3
0.600000,0.200000,-0.900000,0.459885,0.725302,0.512292,4
0.600000,0.200000,-0.900000,0.466870,0.730297,0.498697,5
0.600000,0.200000,-0.900000,0.473359,0.734660,0.486011,6
0.600000,0.200000,-0.900000,0.479382,0.738443,0.474231,7
0.600000,0.200000,-0.900000,0.484968,0.741701,0.463342,8
0.600000,0.200000,-0.900000,0.490151,0.744485,0.453315,9
0.600000,0.200000,-0.900000,0.494961,0.746845,0.444114,10
-0.600000,0.500000,-0.000000,0.923533,0.383406,-0.009291,0
1.900000,0.900000,0.900000,-0.546717,0.312442,-0.776840,0
1.900000,0.900000,0.900000,-0.560116,0.334223,-0.758001,1
1.900000,0.900000,0.900000,-0.574058,0.356195,-0.737281,2
1.900000,0.900000,0.900000,-0.588358,0.377980,-0.714819,3
1.900000,0.900000,0.900000,-0.602796,0.399181,-0.690863,4
1.900000,0.900000,0.900000,-0.617139,0.419413,-0.665757,5
1.900000,0.900000,0.900000,-0.631156,0.438344,-0.639919,6
1.900000,0.900000,0.900000,-0.644640,0.455720,-0.613806,7
1.900000,0.900000,0.900000,-0.657415,0.471378,-0.587884,8
1.900000,0.900000,0.900000,-0.669348,0.485246,-0.562592,9
1.900000,0.900000,0.900000,-0.680350,0.497335,-0.538314,10
1.900000,0.900000,0.900000,-0.690379,0.507718,-0.515363,11
1.900000,0.900000,0.900000,-0.699432,0.516519,-0.493966,12
1.900000,0.900000,0.900000,-0.707541,0.523887,-0.474266,13
1.900000,0.900000,0.900000,-0.714761,0.529987,-0.456323,14
1.900000,0.900000,0.900000,-0.721163,0.534984,-0.440131,15
1.900000,0.900000,0.900000,-0.726825,0.539037,-0.425633,16
1.900000,0.900000,0.900000,-0.731827,0.542293,-0.412732,17
1.900000,0.900000,0.900000,-0.736243,0.544880,-0.401312,18
1.900000,0.900000,0.900000,-0.740145,0.546913,-0.391243,19
-1.300000,-1.500000,0.900000,0.658557,0.714262,-0.236924,0
-1.200000,-1.500000,-0.800000,0.648804,0.732366,0.206623,0
-1.800000,-1.800000,0.600000,0.698166,0.701823,-0.141451,0
0.600000,-0.900000,0.400000,0.283617,0.941567,-0.181695,0
-0.500000,1.800000,-0.400000,0.937063,-0.283513,0.203796,0
-0.500000,1.800000,-0.400000,0.937413,-0.290125,0.192574,1
-0.500000,1.800000,-0.400000,0.937224,-0.296946,0.182851,2
-0.500000,1.800000,-0.400000,0.936580,-0.303956,0.174438,3
-0.500000,1.800000,-0.400000,0.935549,-0.311135,0.167159,4
1.200000,0.600000,0.400000,0.067581,0.845932,-0.528991,0
1.200000,0.600000,0.400000,0.067235,0.852507,-0.518374,1
1.200000,0.600000,0.400000,0.066817,0.858792,-0.507948,2
1.200000,0.600000,0.400000,0.066332,0.864792,-0.497729,3
1.200000,0.600000,0.400000,0.065785,0.870512,-0.487730,4
1.200000,0.600000,0.400000,0.065182,0.875958,-0.477963,5
1.200000,0.600000,0.400000,0.064528,0.881136,-0.468439,6
1.200000,0.600000,0.400000,0.063828,0.886054,-0.459166,7
1.200000,0.600000,0.400000,0.063087,0.890721,-0.450152,8
-1.000000,0.300000,0.200000,0.914972,0.393631,-0.088776,0
-0.200000,1.600000,0.800000,0.854688,-0.194358,-0.481386,0
-0.200000,1.600000,0.800000,0.864732,-0.199223,-0.461031,1
-0.200000,1.600000,0.800000,0.873418,-0.204569,-0.441919,2
-0.200000,1.600000,0.800000,0.880821,-0.210373,-0.424143,3
-0.200000,1.600000,0.800000,0.887031,-0.216611,-0.407744,4
-0.200000,1.600000,0.800000,0.892146,-0.223259,-0.392723,5
-0.200000,1.600000,0.800000,0.896266,-0.230292,-0.379043,6
-0.200000,1.600000,0.800000,0.899488,-0.237686,-0.366642,7
-0.200000,1.600000,0.800000,0.901905,-0.245419,-0.355439,8
-0.200000,1.600000,0.800000,0.903600,-0.253466,-0.345342,9
-0.200000,1.600000,0.800000,0.904651,-0.261804,-0.336253,10
-0.200000,1.600000,0.800000,0.905123,-0.270408,-0.328074,11
-0.200000,1.600000,0.800000,0.905077,-0.279252,-0.320709,12
-0.200000,1.600000,0.800000,0.904566,-0.288308,-0.314068,13
-0.200000,1.600000,0.800000,0.903638,-0.297545,-0.308069,14
-0.200000,1.600000,0.800000,0.902334,-0.306930,-0.302633,15
-0.200000,1.600000,0.800000,0.900696,-0.316428,-0.297692,16
-0.200000,1.600000,0.800000,0.898758,-0.326001,-0.293185,17
-0.200000,1.600000,0.800000,0.896556,-0.335608,-0.289058,18
-0.200000,1.600000,0.800000,0.894122,-0.345210,-0.285264,19
-0.200000,1.600000,0.800000,0.891490,-0.354761,-0.281761,20
-0.200000,1.600000,0.800000,0.888691,-0.364221,-0.278516,21
-0.200000,1.600000,0.800000,0.885756,-0.373547,-0.275499,22
-0.200000,1.600000,0.800000,0.882715,-0.382697,-0.272685,23
-1.400000,-1.200000,0.400000,0.727199,0.676771,-0.114732,0
-1.300000,-0.500000,0.900000,0.788201,0.546196,-0.283565,0
-1.300000,-0.500000,0.900000,0.790465,0.548351,-0.272903,1
1.000000,-0.700000,0.900000,0.115856,0.900158,-0.419872,0
1.000000,-0.700000,0.900000,0.119861,0.907221,-0.403217,1
1.000000,-0.700000,0.900000,0.123575,0.913085,-0.388594,2
1.000000,-0.700000,0.900000,0.127033,0.917933,-0.375848,3
1.000000,-0.700000,0.900000,0.130270,0.921927,-0.364801,4
1.000000,-0.700000,0.900000,0.133317,0.925208,-0.355269,5
-0.900000,0.800000,-0.800000,0.920897,0.200762,0.334131,0
-0.900000,0.800000,-0.800000,0.925149,0.204100,0.320067,1
-0.900000,0.800000,-0.800000,0.928527,0.207089,0.308141,2
-0.900000,0.800000,-0.800000,0.931203,0.209788,0.298078,3
0.800000,0.500000,-0.800000,0.382139,0.648417,0.658427,0
0.800000,0.500000,-0.800000,0.391628,0.657395,0.643785,1
0.800000,0.500000,-0.800000,0.400781,0.665800,0.629353,2
0.800000,0.500000,-0.800000,0.409583,0.673635,0.615189,3
0.800000,0.500000,-0.800000,0.418026,0.680908,0.601348,4
0.800000,0.500000,-0.800000,0.426103,0.687633,0.587875,5
0.800000,0.500000,-0.800000,0.433813,0.693828,0.574813,6
0.800000,0.500000,-0.800000,0.441157,0.699513,0.562194,7
0.800000,0.500000,-0.800000,0.448141,0.704711,0.550048,8
0.800000,0.500000,-0.800000,0.454771,0.709446,0.538396,9
0.800000,0.500000,-0.800000,0.461056,0.713743,0.527256,10
0.800000,0.500000,-0.800000,0.467006,0.717629,0.516638,11
0.800000,0.500000,-0.800000,0.472633,0.721130,0.506548,12
0.800000,0.500000,-0.800000,0.477949,0.724271,0.496986,13
0.800000,0.500000,-0.800000,0.482969,0.727080,0.487950,14
0.800000,0.500000,-0.800000,0.487707,0.729580,0.479432,15
-0.400000,1.300000,-0.500000,0.959991,-0.017722,0.279468,0
-0.400000,1.300000,-0.500000,0.963395,-0.018222,0.267467,1
-0.400000,1.300000,-0.500000,0.966277,-0.018863,0.256813,2
-1.500000,1.300000,-0.100000,0.999502,-0.011080,0.029531,0
0.200000,-0.800000,-0.300000,0.450367,0.884705,0.120279,0
-1.900000,-1.500000,-1.000000,0.731639,0.642545,0.227684,0
-1.000000,1.100000,-0.900000,0.929029,0.069868,0.363350,0
-1.000000,1.100000,-0.900000,0.934710,0.073372,0.347755,1
-1.000000,1.100000,-0.900000,0.939230,0.076516,0.334653,2
-1.000000,1.100000,-0.900000,0.942821,0.079359,0.323713,3
-0.200000,0.700000,0.100000,0.928408,0.363750,-0.075785,0
-0.700000,0.700000,-0.900000,0.880951,0.256813,0.397459,0
-0.700000,0.700000,-0.900000,0.886857,0.260841,0.381374,1
-0.700000,0.700000,-0.900000,0.891683,0.264391,0.367423,2
-0.700000,0.700000,-0.900000,0.895608,0.267536,0.355403,3
-0.700000,0.700000,-0.900000,0.898790,0.270340,0.345099,4
-1.100000,-0.700000,0.800000,0.740987,0.620083,-0.257748,0
-1.100000,-0.700000,0.800000,0.743233,0.621376,-0.247987,1
-1.000000,0.800000,-0.500000,0.958253,0.199636,0.204687,0
2.000000,-2.000000,0.500000,-0.219985,0.963456,-0.152836,0
2.000000,-2.000000,0.500000,-0.204404,0.967688,-0.147646,1
2.000000,-2.000000,0.500000,-0.190469,0.971075,-0.143999,2
2.000000,-2.000000,0.500000,-0.178065,0.973793,-0.141491,3
2.000000,-2.000000,0.500000,-0.167061,0.975983,-0.139812,4
-0.100000,1.100000,-0.200000,0.983597,0.123160,0.131793,0
1.200000,0.900000,0.200000,0.123622,0.853999,-0.505375,0
1.400000,-0.400000,1.000000,-0.074708,0.851258,-0.519403,0
1.400000,-0.400000,1.000000,-0.075533,0.862702,-0.500040,1
1.400000,-0.400000,1.000000,-0.076694,0.872649,-0.482289,2
1.400000,-0.400000,1.000000,-0.078165,0.881233,-0.466175,3
1.400000,-0.400000,1.000000,-0.079918,0.888598,-0.451670,4
1.400000,-0.400000,1.000000,-0.081930,0.894889,-0.438704,5
1.400000,-0.400000,1.000000,-0.084181,0.900240,-0.427179,6
1.400000,-0.400000,1.000000,-0.086652,0.904777,-0.416979,7
1.400000,-0.400000,1.000000,-0.089330,0.908609,-0.407983,8
-1.000000,-1.600000,0.300000,0.615292,0.783483,-0.087003,0
1.700000,-0.100000,-1.000000,-0.256183,0.785720,0.563040,0
1.700000,-0.100000,-1.000000,-0.261277,0.799785,0.540443,1
1.700000,-0.100000,-1.000000,-0.267101,0.812084,0.518823,2
1.700000,-0.100000,-1.000000,-0.273634,0.822647,0.498374,3
1.700000,-0.100000,-1.000000,-0.280847,0.831544,0.479228,4
1.700000,-0.100000,-1.000000,-0.288702,0.838875,0.461453,5
1.700000,-0.100000,-1.000000,-0.297159,0.844758,0.445063,6
1.700000,-0.100000,-1.000000,-0.306169,0.849317,0.430025,7
1.700000,-0.100000,-1.000000,-0.315682,0.852678,0.416275,8
1.700000,-0.100000,-1.000000,-0.325642,0.854963,0.403728,9
1.700000,-0.100000,-1.000000,-0.335989,0.856285,0.392286,10
1.700000,-0.100000,-1.000000,-0.346655,0.856750,0.381850,11
1.700000,-0.100000,-1.000000,-0.357570,0.856459,0.372320,12
1.700000,-0.100000,-1.000000,-0.368660,0.855501,0.363604,13
1.700000,-0.100000,-1.000000,-0.379844,0.853965,0.355617,14
1.700000,-0.100000,-1.000000,-0.391042,0.851930,0.348284,15
1.700000,-0.100000,-1.000000,-0.402174,0.849474,0.341540,16
1.700000,-0.100000,-1.000000,-0.413161,0.846672,0.335327,17
1.700000,-0.100000,-1.000000,-0.423929,0.843594,0.329597,18
1.700000,-0.100000,-1.000000,-0.434409,0.840305,0.324309,19
1.700000,-0.100000,-1.000000,-0.444541,0.836869,0.319428,20
1.700000,-0.100000,-1.000000,-0.454275,0.833341,0.314924,21
1.700000,-0.100000,-1.000000,-0.463572,0.829773,0.310769,22
1.700000,-0.100000,-1.000000,-0.472401,0.826211,0.306941,23
-1.600000,1.800000,-0.800000,0.949352,-0.176505,0.259956,0
-1.600000,1.800000,-0.800000,0.954056,-0.167203,0.248638,1
-1.600000,1.800000,-0.800000,0.957726,-0.158545,0.240052,2
-1.600000,1.800000,-0.800000,0.960617,-0.150493,0.233597,3
-0.600000,0.200000,-0.700000,0.825327,0.476220,0.303396,0
-0.600000,0.200000,-0.700000,0.828522,0.478498,0.290845,1
-0.600000,0.200000,-0.700000,0.831128,0.480408,0.280062,2
-1.100000,-1.800000,-0.000000,0.608460,0.793570,-0.004821,0
1.700000,0.800000,-0.300000,-0.632137,0.664641,0.398316,0
1.700000,0.800000,-0.300000,-0.646537,0.666099,0.371890,1
1.700000,0.800000,-0.300000,-0.660502,0.666540,0.345632,2
1.700000,0.800000,-0.300000,-0.673831,0.666043,0.319905,3
1.700000,0.800000,-0.300000,-0.686343,0.664729,0.295074,4
1.700000,0.800000,-0.300000,-0.697903,0.662746,0.271477,5
1.700000,0.800000,-0.300000,-0.708426,0.660256,0.249386,6
1.700000,0.800000,-0.300000,-0.717886,0.657420,0.228992,7
1.700000,0.800000,-0.300000,-0.726304,0.654383,0.210394,8
1.700000,0.800000,-0.300000,-0.733735,0.651267,0.193610,9
1.700000,0.800000,-0.300000,-0.740261,0.648166,0.178591,10
1.700000,0.800000,-0.300000,-0.745971,0.645153,0.165241,11
1.700000,0.800000,-0.300000,-0.750958,0.642276,0.153438,12
1.700000,0.800000,-0.300000,-0.755311,0.639565,0.143043,13
1.700000,0.800000,-0.300000,-0.759111,0.637038,0.133915,14
2.000000,-2.000000,-0.900000,-0.215290,0.942892,0.254176,0
2.000000,-2.000000,-0.900000,-0.199320,0.948885,0.244722,1
2.000000,-2.000000,-0.900000,-0.185421,0.953354,0.238193,2
2.000000,-2.000000,-0.900000,-0.173363,0.956702,0.233811,3
2.000000,-2.000000,-0.900000,-0.162911,0.959224,0.230977,4
2.000000,-1.100000,-1.000000,-0.279479,0.887080,0.367398,0
2.000000,-1.100000,-1.000000,-0.273938,0.896346,0.348599,1
2.000000,-1.100000,-1.000000,-0.268844,0.903658,0.333354,2
2.000000,-1.100000,-1.000000,-0.264164,0.909449,0.321123,3
2.000000,-1.100000,-1.000000,-0.259855,0.914063,0.311390,4
-0.900000,1.300000,0.700000,0.948489,-0.013444,-0.316523,0
-0.900000,1.300000,0.700000,0.953663,-0.011256,-0.300666,1
-0.900000,1.300000,0.700000,0.957853,-0.009318,-0.287109,2
-0.900000,1.300000,0.700000,0.961245,-0.007594,-0.275592,3
-0.900000,1.300000,0.700000,0.963994,-0.006053,-0.265857,4
-1.200000,1.600000,-0.800000,0.945093,-0.127320,0.300981,0
-1.200000,1.600000,-0.800000,0.949962,-0.123560,0.286890,1
-1.200000,1.600000,-0.800000,0.953781,-0.120041,0.275484,2
-1.200000,1.600000,-0.800000,0.956794,-0.116731,0.266305,3
1.400000,-0.600000,-0.600000,-0.074629,0.952232,0.296117,0
1.400000,-0.600000,-0.600000,-0.075337,0.956497,0.281846,1
1.400000,-0.600000,-0.600000,-0.076296,0.960018,0.269341,2
1.400000,-0.600000,-0.600000,-0.077477,0.962918,0.258430,3
-1.300000,-0.700000,0.700000,0.772876,0.596111,-0.217516,0
-1.400000,-1.100000,0.400000,0.740785,0.661497,-0.116875,0
1.300000,-0.100000,-0.800000,-0.029489,0.868194,0.495348,0
1.300000,-0.100000,-0.800000,-0.028003,0.877922,0.477983,1
1.300000,-0.100000,-0.800000,-0.026813,0.886656,0.461651,2
1.300000,-0.100000,-0.800000,-0.025904,0.894456,0.446405,3
1.300000,-0.100000,-0.800000,-0.025257,0.901391,0.432270,4
1.300000,-0.100000,-0.800000,-0.024855,0.907534,0.419243,5
1.300000,-0.100000,-0.800000,-0.024679,0.912961,0.407300,6
1.300000,-0.100000,-0.800000,-0.024712,0.917745,0.396401,7
1.300000,-0.100000,-0.800000,-0.024938,0.921956,0.386492,8
1.700000,0.500000,0.400000,-0.454134,0.782603,-0.425788,0
1.700000,0.500000,0.400000,-0.470740,0.783550,-0.405529,1
1.700000,0.500000,0.400000,-0.487505,0.783305,-0.385710,2
1.700000,0.500000,0.400000,-0.504271,0.781930,-0.366463,3
1.700000,0.500000,0.400000,-0.520869,0.779519,-0.347917,4
1.700000,0.500000,0.400000,-0.537122,0.776191,-0.330193,5
1.700000,0.500000,0.400000,-0.552861,0.772091,-0.313401,6
1.700000,0.500000,0.400000,-0.567931,0.767378,-0.297633,7
1.700000,0.500000,0.400000,-0.582204,0.762216,-0.282957,8
1.700000,0.500000,0.400000,-0.595584,0.756766,-0.269414,9
1.700000,0.500000,0.400000,-0.608009,0.751177,-0.257017,10
1.700000,0.500000,0.400000,-0.619453,0.745577,-0.245752,11
1.700000,0.500000,0.400000,-0.629917,0.740071,-0.235582,12
1.700000,0.500000,0.400000,-0.639431,0.734743,-0.226454,13
1.700000,0.500000,0.400000,-0.648038,0.729652,-0.218299,14
1.700000,0.500000,0.400000,-0.655796,0.724839,-0.211044,15
1.700000,0.500000,0.400000,-0.662768,0.720329,-0.204610,16
-0.200000,1.100000,-0.800000,0.876189,0.102163,0.471016,0
-0.200000,1.100000,-0.800000,0.884564,0.105539,0.454322,1
-0.200000,1.100000,-0.800000,0.891949,0.108658,0.438884,2
-0.200000,1.100000,-0.800000,0.898431,0.111540,0.424712,3
-0.200000,1.100000,-0.800000,0.904096,0.114206,0.411786,4
-0.200000,1.100000,-0.800000,0.909030,0.116680,0.400063,5
-0.200000,1.100000,-0.800000,0.913316,0.118981,0.389483,6
-0.200000,1.100000,-0.800000,0.917032,0.121131,0.379972,7
1.800000,-1.000000,-1.000000,-0.215823,0.896231,0.387543,0
1.800000,-1.000000,-1.000000,-0.212947,0.905028,0.368209,1
1.800000,-1.000000,-1.000000,-0.210477,0.911994,0.352087,2
1.800000,-1.000000,-1.000000,-0.208360,0.917509,0.338769,3
1.800000,-1.000000,-1.000000,-0.206543,0.921879,0.327840,4
1.600000,0.600000,-0.500000,-0.387423,0.748509,0.538180,0
1.600000,0.600000,-0.500000,-0.398820,0.755808,0.519322,1
1.600000,0.600000,-0.500000,-0.410942,0.762224,0.500142,2
1.600000,0.600000,-0.500000,-0.423781,0.767685,0.480696,3
1.600000,0.600000,-0.500000,-0.437318,0.772132,0.461048,4
1.600000,0.600000,-0.500000,-0.451512,0.775511,0.441270,5
1.600000,0.600000,-0.500000,-0.466298,0.777785,0.421446,6
1.600000,0.600000,-0.500000,-0.481587,0.778932,0.401670,7
1.600000,0.600000,-0.500000,-0.497260,0.778952,0.382055,8
1.600000,0.600000,-0.500000,-0.513168,0.777873,0.362729,9
1.600000,0.600000,-0.500000,-0.529140,0.775751,0.343835,10
1.600000,0.600000,-0.500000,-0.544984,0.772675,0.325524,11
1.600000,0.600000,-0.500000,-0.560507,0.768766,0.307947,12
1.600000,0.600000,-0.500000,-0.575521,0.764167,0.291247,13
1.600000,0.600000,-0.500000,-0.589862,0.759038,0.275544,14
1.600000,0.600000,-0.500000,-0.603398,0.753544,0.260927,15
1.600000,0.600000,-0.500000,-0.616037,0.747841,0.247451,16
1.600000,0.600000,-0.500000,-0.627726,0.742072,0.235136,17
1.600000,0.600000,-0.500000,-0.638448,0.736357,0.223969,18
1.600000,0.600000,-0.500000,-0.648218,0.730792,0.213910,19
1.600000,0.600000,-0.500000,-0.657071,0.725447,0.204899,20
1.600000,0.600000,-0.500000,-0.665061,0.720374,0.196866,21
1.600000,0.600000,-0.500000,-0.672247,0.715602,0.189730,22
1.600000,0.600000,-0.500000,-0.678696,0.711149,0.183410,23
2.000000,0.900000,-0.900000,-0.615594,0.304678,0.726784,0
2.000000,0.900000,-0.900000,-0.628114,0.325861,0.706603,1
2.000000,0.900000,-0.900000,-0.641033,0.347353,0.684414,2
2.000000,0.900000,-0.900000,-0.654181,0.368830,0.660311,3
2.000000,0.900000,-0.900000,-0.667357,0.389925,0.634502,4
2.000000,0.900000,-0.900000,-0.680332,0.410259,0.607318,5
2.000000,0.900000,-0.900000,-0.692875,0.429468,0.579207,6
2.000000,0.900000,-0.900000,-0.704763,0.447241,0.550713,7
2.000000,0.900000,-0.900000,-0.715801,0.463346,0.522435,8
2.000000,0.900000,-0.900000,-0.725849,0.477649,0.494970,9
2.000000,0.900000,-0.900000,-0.734825,0.490115,0.468849,10
2.000000,0.900000,-0.900000,-0.742717,0.500802,0.444488,11
2.000000,0.900000,-0.900000,-0.749568,0.509833,0.422159,12
2.000000,0.900000,-0.900000,-0.755463,0.517378,0.401990,13
2.000000,0.900000,-0.900000,-0.760511,0.523621,0.383986,14
2.000000,0.900000,-0.900000,-0.764823,0.528747,0.368065,15
2.000000,0.900000,-0.900000,-0.768511,0.532930,0.354086,16
2.000000,0.900000,-0.900000,-0.771671,0.536324,0.341879,17
2.000000,0.900000,-0.900000,-0.774388,0.539064,0.331261,18
-1.700000,-1.900000,0.400000,0.678578,0.728203,-0.096186,0
-0.400000,1.000000,-0.100000,0.985817,0.160663,0.048504,0
-0.800000,-1.500000,0.700000,0.583074,0.786375,-0.204055,0
1.100000,1.600000,-0.400000,0.290976,-0.626611,0.722974,0
1.100000,1.600000,-0.400000,0.305435,-0.635737,0.708906,1
1.100000,1.600000,-0.400000,0.320293,-0.645220,0.693616,2
1.100000,1.600000,-0.400000,0.335459,-0.655025,0.677060,3
1.100000,1.600000,-0.400000,0.350818,-0.665101,0.659218,4
1.100000,1.600000,-0.400000,0.366238,-0.675381,0.640102,5
1.100000,1.600000,-0.400000,0.381572,-0.685785,0.619759,6
1.100000,1.600000,-0.400000,0.396664,-0.696219,0.598278,7
1.100000,1.600000,-0.400000,0.411358,-0.706578,0.575789,8
1.100000,1.600000,-0.400000,0.425502,-0.716751,0.552464,9
1.100000,1.600000,-0.400000,0.438962,-0.726627,0.528513,10
1.100000,1.600000,-0.400000,0.451623,-0.736099,0.504178,11
1.100000,1.600000,-0.400000,0.463396,-0.745071,0.479723,12
1.100000,1.600000,-0.400000,0.474223,-0.753461,0.455422,13
1.100000,1.600000,-0.400000,0.484074,-0.761210,0.431546,14
1.100000,1.600000,-0.400000,0.492947,-0.768280,0.408350,15
1.100000,1.600000,-0.400000,0.500865,-0.774656,0.386060,16
1.100000,1.600000,-0.400000,0.507873,-0.780346,0.364864,17
1.100000,1.600000,-0.400000,0.514029,-0.785377,0.344902,18
1.100000,1.600000,-0.400000,0.519403,-0.789791,0.326269,19
1.100000,1.600000,-0.400000,0.524067,-0.793639,0.309015,20
1.100000,1.600000,-0.400000,0.528099,-0.796979,0.293149,21
1.100000,1.600000,-0.400000,0.531570,-0.799868,0.278647,22
1.100000,1.600000,-0.400000,0.534549,-0.802364,0.265459,23
1.100000,1.600000,-0.400000,0.537100,-0.804519,0.253519,24
1.100000,1.600000,-0.400000,0.539280,-0.806381,0.242747,25
1.100000,1.600000,-0.400000,0.541140,-0.807992,0.233057,26
-1.200000,-1.000000,-0.700000,0.719304,0.665357,0.199757,0
0.100000,-1.300000,0.100000,0.409181,0.911482,-0.042088,0
-0.500000,0.000000,-0.500000,0.790694,0.572441,0.217056,0
0.100000,-0.400000,-0.100000,0.567985,0.822063,0.040059,0
-0.100000,-2.000000,0.700000,0.374844,0.905472,-0.199027,0
1.100000,-0.500000,-0.900000,0.077409,0.892425,0.444506,0
1.100000,-0.500000,-0.900000,0.081810,0.900545,0.426996,1
1.100000,-0.500000,-0.900000,0.085850,0.907458,0.411279,2
1.100000,-0.500000,-0.900000,0.089570,0.913313,0.397285,3
1.100000,-0.500000,-0.900000,0.093014,0.918255,0.384910,4
1.100000,-0.500000,-0.900000,0.096219,0.922413,0.374027,5
1.100000,-0.500000,-0.900000,0.099220,0.925904,0.364497,6
-1.000000,1.500000,-0.300000,0.987223,-0.100990,0.123258,0
-0.400000,1.500000,0.500000,0.945830,-0.131865,-0.296677,0
-0.400000,1.500000,0.500000,0.949887,-0.135620,-0.281643,1
-0.400000,1.500000,0.500000,0.953202,-0.139621,-0.268165,2
-0.400000,1.500000,0.500000,0.955874,-0.143857,-0.256145,3
-0.400000,1.500000,0.500000,0.957990,-0.148319,-0.245472,4
-0.400000,1.500000,0.500000,0.959627,-0.152999,-0.236026,5
0.000000,1.800000,-0.100000,0.919273,-0.389073,0.059663,0
0.000000,1.800000,-0.100000,0.913432,-0.403089,0.056221,1
0.000000,1.800000,-0.100000,0.907309,-0.417093,0.053142,2
0.000000,1.800000,-0.100000,0.900952,-0.430983,0.050398,3
0.000000,1.800000,-0.100000,0.894417,-0.444655,0.047962,4
0.000000,1.800000,-0.100000,0.887766,-0.458009,0.045809,5
0.000000,1.800000,-0.100000,0.881066,-0.470950,0.043913,6
0.000000,1.800000,-0.100000,0.874384,-0.483392,0.042251,7
0.000000,1.800000,-0.100000,0.867783,-0.495265,0.040802,8
0.000000,1.800000,-0.100000,0.861325,-0.506514,0.039544,9
0.000000,1.800000,-0.100000,0.855061,-0.517099,0.038455,10
0.000000,1.800000,-0.100000,0.849038,-0.526998,0.037518,11
0.000000,1.800000,-0.100000,0.843289,-0.536206,0.036714,12
0.000000,1.800000,-0.100000,0.837839,-0.544727,0.036026,13
-0.300000,-0.400000,0.500000,0.664255,0.713852,-0.221768,0
-0.300000,-0.400000,0.500000,0.666871,0.714365,-0.212053,1
1.100000,-0.400000,0.600000,0.085888,0.934225,-0.346189,0
1.100000,-0.400000,0.600000,0.087713,0.939156,-0.332104,1
1.100000,-0.400000,0.600000,0.089451,0.943380,-0.319425,2
1.100000,-0.400000,0.600000,0.091117,0.946991,-0.308067,3
1.100000,-0.400000,0.600000,0.092723,0.950072,-0.297935,4
0.900000,1.700000,0.800000,0.356985,-0.434788,-0.826753,0
0.900000,1.700000,0.800000,0.373694,-0.442282,-0.815315,1
0.900000,1.700000,0.800000,0.390695,-0.450247,-0.802892,2
0.900000,1.700000,0.800000,0.407874,-0.458694,-0.789455,3
0.900000,1.700000,0.800000,0.425104,-0.467633,-0.774988,4
0.900000,1.700000,0.800000,0.442247,-0.477062,-0.759493,5
0.900000,1.700000,0.800000,0.459153,-0.486978,-0.742988,6
0.900000,1.700000,0.800000,0.475670,-0.497364,-0.725511,7
0.900000,1.700000,0.800000,0.491646,-0.508198,-0.707120,8
0.900000,1.700000,0.800000,0.506936,-0.519444,-0.687891,9
0.900000,1.700000,0.800000,0.521405,-0.531055,-0.667921,10
0.900000,1.700000,0.800000,0.534931,-0.542968,-0.647328,11
0.900000,1.700000,0.800000,0.547415,-0.555112,-0.626249,12
0.900000,1.700000,0.800000,0.558776,-0.567398,-0.604838,13
0.900000,1.700000,0.800000,0.568960,-0.579729,-0.583266,14
0.900000,1.700000,0.800000,0.577937,-0.592000,-0.561717,15
0.900000,1.700000,0.800000,0.585706,-0.604100,-0.540381,16
0.900000,1.700000,0.800000,0.592292,-0.615923,-0.519451,17
0.900000,1.700000,0.800000,0.597745,-0.627366,-0.499112,18
0.900000,1.700000,0.800000,0.602136,-0.638339,-0.479536,19
0.900000,1.700000,0.800000,0.605554,-0.648770,-0.460871,20
0.900000,1.700000,0.800000,0.608099,-0.658602,-0.443237,21
0.900000,1.700000,0.800000,0.609879,-0.667801,-0.426719,22
0.900000,1.700000,0.800000,0.611003,-0.676351,-0.411370,23
0.900000,1.700000,0.800000,0.611576,-0.684252,-0.397209,24
0.900000,1.700000,0.800000,0.611695,-0.691519,-0.384227,25
0.900000,1.700000,0.800000,0.611451,-0.698178,-0.372392,26
0.900000,1.700000,0.800000,0.610921,-0.704262,-0.361651,27
0.900000,1.700000,0.800000,0.610173,-0.709807,-0.351941,28
0.900000,1.700000,0.800000,0.609264,-0.714855,-0.343191,29
1.900000,-1.200000,-0.700000,-0.244701,0.934674,0.257886,0
1.900000,-1.200000,-0.700000,-0.240609,0.939528,0.243711,1
1.900000,-1.200000,-0.700000,-0.236765,0.943380,0.232329,2
1.900000,-1.200000,-0.700000,-0.233143,0.946470,0.223245,3
0.900000,-0.700000,-0.400000,0.173535,0.966869,0.187217,0
0.800000,-0.300000,0.200000,0.275132,0.952211,-0.132654,0
1.600000,-1.300000,-0.400000,-0.132226,0.980480,0.145520,0
1.700000,-0.900000,-1.000000,-0.184312,0.895510,0.405081,0
1.700000,-0.900000,-1.000000,-0.182568,0.904516,0.385383,1
1.700000,-0.900000,-1.000000,-0.181244,0.911728,0.368650,2
1.700000,-0.900000,-1.000000,-0.180284,0.917485,0.354568,3
1.700000,-0.900000,-1.000000,-0.179633,0.922075,0.342797,4
1.700000,-0.900000,-1.000000,-0.179245,0.925733,0.333001,5
-0.400000,0.800000,0.800000,0.868501,0.246594,-0.429998,0
-0.400000,0.800000,0.800000,0.875456,0.251700,-0.412581,1
-0.400000,0.800000,0.800000,0.881379,0.256390,-0.396781,2
-0.400000,0.800000,0.800000,0.886387,0.260696,-0.382564,3
-0.400000,0.800000,0.800000,0.890598,0.264651,-0.369857,4
-0.400000,0.800000,0.800000,0.894120,0.268292,-0.358565,5
-0.400000,0.800000,0.800000,0.897051,0.271651,-0.348576,6
-2.000000,-1.700000,0.400000,0.735296,0.671109,-0.094615,0
-1.400000,0.300000,0.100000,0.938445,0.342870,-0.041961,0
-1.500000,-0.400000,-0.200000,0.853749,0.517640,0.056231,0
0.400000,-1.800000,0.500000,0.264411,0.950931,-0.160678,0
-1.800000,1.700000,-0.400000,0.982720,-0.138558,0.122733,0
-1.800000,1.700000,-0.400000,0.984584,-0.129296,0.117796,1
1.600000,-1.800000,-0.000000,-0.112176,0.993670,-0.006036,0
-1.600000,-1.300000,0.800000,0.726787,0.654449,-0.208510,0
0.500000,-0.300000,-0.700000,0.403029,0.839492,0.364447,0
0.500000,-0.300000,-0.700000,0.408981,0.842713,0.350100,1
0.500000,-0.300000,-0.700000,0.414486,0.845266,0.337233,2
0.500000,-0.300000,-0.700000,0.419593,0.847247,0.325752,3
0.500000,-0.300000,-0.700000,0.424344,0.848741,0.315550,4
0.500000,-0.300000,-0.700000,0.428778,0.849822,0.306516,5
0.900000,0.300000,0.600000,0.293800,0.805785,-0.514191,0
0.900000,0.300000,0.600000,0.299324,0.812779,-0.499795,1
0.900000,0.300000,0.600000,0.304759,0.819219,-0.485800,2
0.900000,0.300000,0.600000,0.310104,0.825117,-0.472247,3
0.900000,0.300000,0.600000,0.315357,0.830488,-0.459173,4
0.900000,0.300000,0.600000,0.320517,0.835351,-0.446606,5
0.900000,0.300000,0.600000,0.325581,0.839729,-0.434572,6
0.900000,0.300000,0.600000,0.330548,0.843644,-0.423086,7
0.900000,0.300000,0.600000,0.335418,0.847124,-0.412160,8
0.900000,0.300000,0.600000,0.340190,0.850194,-0.401798,9
0.900000,0.300000,0.600000,0.344862,0.852882,-0.391998,10
0.900000,0.300000,0.600000,0.349434,0.855216,-0.382756,11
1.600000,-0.200000,0.800000,-0.201763,0.855618,-0.476665,0
1.600000,-0.200000,0.800000,-0.209163,0.864387,-0.457260,1
1.600000,-0.200000,0.800000,-0.217074,0.871785,-0.439169,2
1.600000,-0.200000,0.800000,-0.225466,0.877900,-0.422440,3
1.600000,-0.200000,0.800000,-0.234313,0.882827,-0.407080,4
1.600000,-0.200000,0.800000,-0.243585,0.886664,-0.393057,5
1.600000,-0.200000,0.800000,-0.253254,0.889507,-0.380316,6
1.600000,-0.200000,0.800000,-0.263288,0.891448,-0.368782,7
1.600000,-0.200000,0.800000,-0.273655,0.892573,-0.358366,8
1.600000,-0.200000,0.800000,-0.284316,0.892962,-0.348974,9
1.600000,-0.200000,0.800000,-0.295232,0.892687,-0.340512,10
1.600000,-0.200000,0.800000,-0.306355,0.891814,-0.332887,11
1.600000,-0.200000,0.800000,-0.317636,0.890407,-0.326010,12
1.600000,-0.200000,0.800000,-0.329018,0.888525,-0.319799,13
1.600000,-0.200000,0.800000,-0.340442,0.886223,-0.314178,14
1.600000,-0.200000,0.800000,-0.351845,0.883558,-0.309080,15
1.600000,-0.200000,0.800000,-0.363163,0.880583,-0.304445,16
1.600000,-0.200000,0.800000,-0.374330,0.877351,-0.300220,17
1.600000,-0.200000,0.800000,-0.385284,0.873915,-0.296360,18
1.600000,-0.200000,0.800000,-0.395966,0.870325,-0.292825,19
1.600000,-0.200000,0.800000,-0.406321,0.866629,-0.289582,20
1.600000,-0.200000,0.800000,-0.416302,0.862874,-0.286602,21
1.600000,-0.200000,0.800000,-0.425871,0.859103,-0.283860,22
1.600000,-0.200000,0.800000,-0.434996,0.855353,-0.281336,23
0.600000,0.300000,0.300000,0.539267,0.800029,-0.262953,0
0.600000,0.300000,0.300000,0.543091,0.801057,-0.251713,1
0.600000,0.300000,0.300000,0.546707,0.801822,-0.241232,2
0.600000,0.300000,0.300000,0.550127,0.802355,-0.231487,3
1.800000,0.900000,0.700000,-0.560229,0.378746,-0.736678,0
1.800000,0.900000,0.700000,-0.573656,0.397379,-0.716246,1
1.800000,0.900000,0.700000,-0.587480,0.415869,-0.694205,2
1.800000,0.900000,0.700000,-0.601534,0.433924,-0.670721,3
1.800000,0.900000,0.700000,-0.615632,0.451254,-0.646040,4
1.800000,0.900000,0.700000,-0.629578,0.467595,-0.620473,5
1.800000,0.900000,0.700000,-0.643182,0.482729,-0.594382,6
1.800000,0.900000,0.700000,-0.656269,0.496498,-0.568156,7
1.800000,0.900000,0.700000,-0.668690,0.508811,-0.542185,8
1.800000,0.900000,0.700000,-0.680328,0.519643,-0.516842,9
1.800000,0.900000,0.700000,-0.691100,0.529023,-0.492459,10
1.800000,0.900000,0.700000,-0.700961,0.537027,-0.469314,11
1.800000,0.900000,0.700000,-0.709901,0.543764,-0.447618,12
1.800000,0.900000,0.700000,-0.717940,0.549360,-0.427511,13
1.800000,0.900000,0.700000,-0.725122,0.553951,-0.409068,14
1.800000,0.900000,0.700000,-0.731506,0.557672,-0.392301,15
1.800000,0.900000,0.700000,-0.737162,0.560651,-0.377176,16
1.800000,0.900000,0.700000,-0.742163,0.563006,-0.363620,17
1.800000,0.900000,0.700000,-0.746579,0.564840,-0.351534,18
1.800000,0.900000,0.700000,-0.750479,0.566244,-0.340806,19
1.800000,0.900000,0.700000,-0.753924,0.567298,-0.331318,20
0.300000,-0.400000,0.100000,0.495000,0.866707,-0.061595,0
-0.200000,-1.000000,0.600000,0.525651,0.820753,-0.223732,0
-0.600000,-0.400000,1.000000,0.687883,0.619592,-0.378050,0
-0.600000,-0.400000,1.000000,0.692738,0.623095,-0.363136,1
-0.600000,-0.400000,1.000000,0.696771,0.625740,-0.350655,2
-0.600000,-0.400000,1.000000,0.700149,0.627709,-0.340254,3
0.200000,1.600000,-1.000000,0.713161,-0.223750,0.664332,0
0.200000,1.600000,-1.000000,0.729168,-0.228793,0.644955,1
0.200000,1.600000,-1.000000,0.744003,-0.234453,0.625692,2
0.200000,1.600000,-1.000000,0.757603,-0.240743,0.606697,3
0.200000,1.600000,-1.000000,0.769928,-0.247665,0.588109,4
0.200000,1.600000,-1.000000,0.780963,-0.255216,0.570055,5
0.200000,1.600000,-1.000000,0.790709,-0.263379,0.552640,6
0.200000,1.600000,-1.000000,0.799188,-0.272131,0.535950,7
0.200000,1.600000,-1.000000,0.806437,-0.281440,0.520050,8
0.200000,1.600000,-1.000000,0.812501,-0.291268,0.504980,9
0.200000,1.600000,-1.000000,0.817438,-0.301570,0.490765,10
0.200000,1.600000,-1.000000,0.821312,-0.312297,0.477407,11
0.200000,1.600000,-1.000000,0.824189,-0.323392,0.464897,12
0.200000,1.600000,-1.000000,0.826142,-0.334796,0.453212,13
0.200000,1.600000,-1.000000,0.827242,-0.346446,0.442319,14
0.200000,1.600000,-1.000000,0.827562,-0.358273,0.432182,15
0.200000,1.600000,-1.000000,0.827176,-0.370209,0.422760,16
0.200000,1.600000,-1.000000,0.826156,-0.382179,0.414010,17
0.200000,1.600000,-1.000000,0.824577,-0.394112,0.405892,18
0.200000,1.600000,-1.000000,0.822510,-0.405936,0.398363,19
0.200000,1.600000,-1.000000,0.820027,-0.417579,0.391386,20
0.200000,1.600000,-1.000000,0.817198,-0.428976,0.384924,21
0.200000,1.600000,-1.000000,0.814090,-0.440066,0.378945,22
0.200000,1.600000,-1.000000,0.810768,-0.450794,0.373416,23
0.200000,1.600000,-1.000000,0.807293,-0.461115,0.368308,24
0.200000,1.600000,-1.000000,0.803720,-0.470991,0.363596,25
0.200000,1.600000,-1.000000,0.800100,-0.480394,0.359252,26
0.200000,1.600000,-1.000000,0.796477,-0.489305,0.355254,27
0.200000,1.600000,-1.000000,0.792890,-0.497713,0.351578,28
1.200000,1.100000,0.600000,0.083093,0.263297,-0.961130,0
-0.600000,0.200000,-0.300000,0.858763,0.495513,0.130358,0
0.100000,0.500000,0.800000,0.716353,0.477871,-0.508407,0
0.100000,0.500000,0.800000,0.723978,0.484616,-0.490921,1
0.100000,0.500000,0.800000,0.730785,0.490818,-0.474395,2
0.100000,0.500000,0.800000,0.736822,0.496497,-0.458894,3
0.100000,0.500000,0.800000,0.742145,0.501679,-0.444454,4
0.100000,0.500000,0.800000,0.746811,0.506398,-0.431085,5
0.100000,0.500000,0.800000,0.750883,0.510686,-0.418777,6
0.100000,0.500000,0.800000,0.754422,0.514580,-0.407499,7
0.100000,0.500000,0.800000,0.757485,0.518114,-0.397209,8
0.100000,0.500000,0.800000,0.760126,0.521322,-0.387855,9
-0.600000,-0.200000,0.800000,0.740509,0.587089,-0.327068,0
-0.600000,-0.200000,0.800000,0.744224,0.589863,-0.313355,1
-0.600000,-0.200000,0.800000,0.747306,0.592008,-0.301762,2
-0.600000,-0.200000,0.800000,0.749880,0.593648,-0.291997,3
-0.200000,0.100000,0.600000,0.739516,0.595015,-0.314760,0
-0.200000,0.100000,0.600000,0.742924,0.597917,-0.300932,1
-0.200000,0.100000,0.600000,0.745818,0.600329,-0.288722,2
-0.200000,0.100000,0.600000,0.748280,0.602329,-0.277987,3
0.000000,-1.500000,0.100000,0.412025,0.910338,-0.038999,0
-0.100000,-1.400000,-0.900000,0.433800,0.855583,0.282479,0
-0.100000,-1.400000,-0.900000,0.438793,0.856523,0.271715,1
0.300000,-1.700000,0.600000,0.299879,0.933925,-0.194569,0
-1.000000,-2.000000,0.500000,0.562727,0.816434,-0.129513,0
0.000000,-1.800000,0.700000,0.369482,0.904771,-0.211831,0
-0.500000,-1.300000,-0.900000,0.542334,0.794712,0.272594,0
-0.500000,-1.300000,-0.900000,0.546513,0.795230,0.262549,1
-0.300000,1.900000,0.600000,0.869294,-0.352827,-0.346180,0
-0.300000,1.900000,0.600000,0.873552,-0.361742,-0.325653,1
-0.300000,1.900000,0.600000,0.876421,-0.370884,-0.307135,2
-0.300000,1.900000,0.600000,0.878080,-0.380181,-0.290581,3
-0.300000,1.900000,0.600000,0.878707,-0.389562,-0.275891,4
-0.300000,1.900000,0.600000,0.878464,-0.398961,-0.262929,5
-0.300000,1.900000,0.600000,0.877501,-0.408313,-0.251539,6
-0.300000,1.900000,0.600000,0.875954,-0.417558,-0.241558,7
-0.300000,1.900000,0.600000,0.873939,-0.426638,-0.232829,8
-0.300000,1.900000,0.600000,0.871562,-0.435504,-0.225203,9
-0.300000,1.900000,0.600000,0.868912,-0.444108,-0.218541,10
-0.300000,1.900000,0.600000,0.866068,-0.452411,-0.212721,11
-1.900000,0.600000,-0.700000,0.957057,0.203180,0.206785,0
0.400000,-1.600000,0.900000,0.272549,0.916329,-0.293357,0
0.400000,-1.600000,0.900000,0.277772,0.918135,-0.282614,1
0.300000,-0.100000,0.800000,0.512984,0.736791,-0.440439,0
0.300000,-0.100000,0.800000,0.519557,0.742105,-0.423486,1
0.300000,-0.100000,0.800000,0.525510,0.746550,-0.408047,2
0.300000,-0.100000,0.800000,0.530899,0.750227,-0.394088,3
0.300000,-0.100000,0.800000,0.535783,0.753234,-0.381542,4
0.300000,-0.100000,0.800000,0.540218,0.755663,-0.370321,5
0.300000,-0.100000,0.800000,0.544255,0.757597,-0.360324,6
-1.800000,0.000000,-1.000000,0.885221,0.368027,0.284500,0
-1.800000,0.000000,-1.000000,0.886995,0.371307,0.274537,1
2.000000,1.000000,0.800000,-0.654717,0.236338,-0.717977,0
2.000000,1.000000,0.800000,-0.667910,0.260535,-0.697150,1
2.000000,1.000000,0.800000,-0.681175,0.285133,-0.674315,2
2.000000,1.000000,0.800000,-0.694239,0.309643,-0.649733,3
2.000000,1.000000,0.800000,-0.706830,0.333550,-0.623807,4
2.000000,1.000000,0.800000,-0.718704,0.356371,-0.597046,5
2.000000,1.000000,0.800000,-0.729667,0.377708,-0.570020,6
2.000000,1.000000,0.800000,-0.739589,0.397280,-0.543301,7
2.000000,1.000000,0.800000,-0.748411,0.414927,-0.517414,8
2.000000,1.000000,0.800000,-0.756132,0.430604,-0.492793,9
2.000000,1.000000,0.800000,-0.762803,0.444357,-0.469764,10
2.000000,1.000000,0.800000,-0.768509,0.456295,-0.448540,11
2.000000,1.000000,0.800000,-0.773356,0.466569,-0.429224,12
2.000000,1.000000,0.800000,-0.777458,0.475346,-0.411832,13
2.000000,1.000000,0.800000,-0.780923,0.482803,-0.396309,14
2.000000,1.000000,0.800000,-0.783854,0.489107,-0.382555,15
2.000000,1.000000,0.800000,-0.786339,0.494416,-0.370438,16
2.000000,1.000000,0.800000,-0.788456,0.498872,-0.359811,17
2.000000,1.000000,0.800000,-0.790267,0.502602,-0.350526,18
0.300000,1.100000,-0.800000,0.766260,0.136197,0.627929,0
0.300000,1.100000,-0.800000,0.777061,0.141493,0.613316,1
0.300000,1.100000,-0.800000,0.787170,0.146669,0.599042,2
0.300000,1.100000,-0.800000,0.796595,0.151719,0.585165,3
0.300000,1.100000,-0.800000,0.805347,0.156635,0.571736,4
0.300000,1.100000,-0.800000,0.813445,0.161414,0.558795,5
0.300000,1.100000,-0.800000,0.820914,0.166057,0.546375,6
0.300000,1.100000,-0.800000,0.827779,0.170565,0.534500,7
0.300000,1.100000,-0.800000,0.834070,0.174940,0.523186,8
0.300000,1.100000,-0.800000,0.839818,0.179186,0.512443,9
0.300000,1.100000,-0.800000,0.845055,0.183310,0.502274,10
0.300000,1.100000,-0.800000,0.849813,0.187317,0.492676,11
0.300000,1.100000,-0.800000,0.854125,0.191213,0.483640,12
0.300000,1.100000,-0.800000,0.858021,0.195006,0.475155,13
1.400000,1.700000,-0.000000,-0.321903,-0.945886,-0.040966,0
1.400000,1.700000,-0.000000,-0.310869,-0.949594,-0.040400,1
1.400000,1.700000,-0.000000,-0.298928,-0.953446,-0.039781,2
1.400000,1.700000,-0.000000,-0.285968,-0.957441,-0.039103,3
1.400000,1.700000,-0.000000,-0.271864,-0.961571,-0.038358,4
1.400000,1.700000,-0.000000,-0.256480,-0.965821,-0.037536,5
1.400000,1.700000,-0.000000,-0.239665,-0.970164,-0.036626,6
1.400000,1.700000,-0.000000,-0.221266,-0.974563,-0.035617,7
1.400000,1.700000,-0.000000,-0.201130,-0.978957,-0.034498,8
1.400000,1.700000,-0.000000,-0.179121,-0.983265,-0.033255,9
1.400000,1.700000,-0.000000,-0.155140,-0.987378,-0.031878,10
1.400000,1.700000,-0.000000,-0.129150,-0.991160,-0.030360,11
1.400000,1.700000,-0.000000,-0.101207,-0.994451,-0.028696,12
1.400000,1.700000,-0.000000,-0.071484,-0.997079,-0.026890,13
1.400000,1.700000,-0.000000,-0.040284,-0.998876,-0.024955,14
1.400000,1.700000,-0.000000,-0.008029,-0.999705,-0.022912,15
1.400000,1.700000,-0.000000,0.024775,-0.999477,-0.020791,16
1.400000,1.700000,-0.000000,0.057589,-0.998167,-0.018626,17
1.400000,1.700000,-0.000000,0.089895,-0.995815,-0.016455,18
1.400000,1.700000,-0.000000,0.121238,-0.992520,-0.014315,19
1.400000,1.700000,-0.000000,0.151252,-0.988419,-0.012238,20
1.400000,1.700000,-0.000000,0.179666,-0.983674,-0.010251,21
1.400000,1.700000,-0.000000,0.206302,-0.978453,-0.008373,22
1.400000,1.700000,-0.000000,0.231057,-0.972918,-0.006619,23
1.400000,1.700000,-0.000000,0.253897,-0.967218,-0.004997,24
1.400000,1.700000,-0.000000,0.274837,-0.961484,-0.003509,25
1.400000,1.700000,-0.000000,0.293929,-0.955825,-0.002153,26
1.400000,1.700000,-0.000000,0.311255,-0.950326,-0.000927,27
1.400000,1.700000,-0.000000,0.326913,-0.945054,0.000177,28
1.400000,1.700000,-0.000000,0.341014,-0.940057,0.001167,29
0.200000,-0.400000,-0.300000,0.528320,0.837239,0.141099,0
-0.500000,0.000000,0.600000,0.778827,0.563850,-0.274778,0
-0.500000,0.000000,0.600000,0.781444,0.566064,-0.262520,1
-0.500000,0.000000,0.600000,0.783611,0.567845,-0.252005,2
-0.400000,-0.900000,0.500000,0.595502,0.781336,-0.186790,0
0.100000,0.100000,-0.600000,0.661986,0.671163,0.333640,0
0.100000,0.100000,-0.600000,0.666143,0.673465,0.320466,1
0.100000,0.100000,-0.600000,0.669827,0.675355,0.308590,2
0.100000,0.100000,-0.600000,0.673096,0.676890,0.297931,3
0.100000,0.100000,-0.600000,0.676000,0.678123,0.288397,4
-1.700000,0.700000,0.800000,0.947450,0.182682,-0.262614,0
-1.700000,0.700000,0.800000,0.949582,0.187481,-0.251286,1
0.100000,-1.800000,0.700000,0.343618,0.914383,-0.214081,0
-1.900000,0.300000,1.000000,0.913306,0.280778,-0.295018,0
-1.900000,0.300000,1.000000,0.915332,0.285538,-0.283965,1
0.300000,-1.500000,0.500000,0.320544,0.931048,-0.174359,0
0.900000,2.000000,0.900000,0.288376,-0.595969,-0.749440,0
0.900000,2.000000,0.900000,0.311100,-0.606966,-0.731307,1
0.900000,2.000000,0.900000,0.334114,-0.618362,-0.711334,2
0.900000,2.000000,0.900000,0.357076,-0.630035,-0.689603,3
0.900000,2.000000,0.900000,0.379613,-0.641835,-0.666289,4
0.900000,2.000000,0.900000,0.401356,-0.653594,-0.641661,5
0.900000,2.000000,0.900000,0.421960,-0.665129,-0.616079,6
0.900000,2.000000,0.900000,0.441139,-0.676264,-0.589969,7
0.900000,2.000000,0.900000,0.458678,-0.686836,-0.563801,8
0.900000,2.000000,0.900000,0.474444,-0.696711,-0.538050,9
0.900000,2.000000,0.900000,0.488388,-0.705793,-0.513160,10
0.900000,2.000000,0.900000,0.500536,-0.714033,-0.489511,11
0.900000,2.000000,0.900000,0.510975,-0.721420,-0.467395,12
0.900000,2.000000,0.900000,0.519836,-0.727982,-0.447003,13
0.900000,2.000000,0.900000,0.527278,-0.733775,-0.428430,14
0.900000,2.000000,0.900000,0.533468,-0.738868,-0.411687,15
0.900000,2.000000,0.900000,0.538574,-0.743338,-0.396720,16
0.900000,2.000000,0.900000,0.542754,-0.747261,-0.383431,17
0.900000,2.000000,0.900000,0.546150,-0.750709,-0.371693,18
0.900000,2.000000,0.900000,0.548891,-0.753745,-0.361367,19
-1.200000,0.300000,0.500000,0.912558,0.360590,-0.192907,0
0.700000,-1.900000,-0.300000,0.171372,0.981347,0.087114,0
-1.500000,-0.900000,1.000000,0.754282,0.594300,-0.279045,0
-0.900000,-0.400000,0.600000,0.770707,0.597486,-0.221406,0
-0.600000,-1.500000,0.800000,0.540129,0.807061,-0.238564,0
0.300000,-1.900000,-0.000000,0.288075,0.957591,-0.005633,0
-0.800000,-1.600000,-0.800000,0.568198,0.793983,0.216200,0
2.000000,0.600000,0.900000,-0.548939,0.492289,-0.675513,0
2.000000,0.600000,0.900000,-0.563629,0.511624,-0.648508,1
2.000000,0.600000,0.900000,-0.578240,0.529453,-0.620740,2
2.000000,0.600000,0.900000,-0.592513,0.545519,-0.592737,3
2.000000,0.600000,0.900000,-0.606212,0.559674,-0.565042,4
2.000000,0.600000,0.900000,-0.619144,0.571871,-0.538167,5
2.000000,0.600000,0.900000,-0.631166,0.582161,-0.512560,6
2.000000,0.600000,0.900000,-0.642191,0.590667,-0.488573,7
2.000000,0.600000,0.900000,-0.652188,0.597560,-0.466446,8
2.000000,0.600000,0.900000,-0.661172,0.603041,-0.446310,9
2.000000,0.600000,0.900000,-0.669190,0.607317,-0.428196,10
2.000000,0.600000,0.900000,-0.676312,0.610584,-0.412055,11
2.000000,0.600000,0.900000,-0.682620,0.613023,-0.397785,12
2.000000,0.600000,0.900000,-0.688197,0.614793,-0.385245,13
2.000000,0.600000,0.900000,-0.693126,0.616029,-0.374278,14
2.000000,0.600000,0.900000,-0.697483,0.616843,-0.364722,15
-0.700000,1.700000,-0.800000,0.909634,-0.200473,0.363835,0
-0.700000,1.700000,-0.800000,0.916299,-0.201663,0.346017,1
-0.700000,1.700000,-0.800000,0.921630,-0.203087,0.330686,2
-0.700000,1.700000,-0.800000,0.925865,-0.204720,0.317590,3
-0.700000,1.700000,-0.800000,0.929205,-0.206544,0.306459,4
-0.700000,-1.900000,0.100000,0.524423,0.850862,-0.031851,0
-1.600000,1.100000,0.200000,0.995334,0.059115,-0.076267,0
1.200000,1.900000,0.500000,0.065370,-0.770645,-0.633903,0
1.200000,1.900000,0.500000,0.085315,-0.779142,-0.621015,1
1.200000,1.900000,0.500000,0.106642,-0.787841,-0.606576,2
1.200000,1.900000,0.500000,0.129262,-0.796628,-0.590487,3
1.200000,1.900000,0.500000,0.153005,-0.805358,-0.572702,4
1.200000,1.900000,0.500000,0.177609,-0.813860,-0.553251,5
1.200000,1.900000,0.500000,0.202726,-0.821952,-0.532257,6
1.200000,1.900000,0.500000,0.227944,-0.829453,-0.509949,7
1.200000,1.900000,0.500000,0.252826,-0.836210,-0.486654,8
1.200000,1.900000,0.500000,0.276946,-0.842107,-0.462771,9
1.200000,1.900000,0.500000,0.299936,-0.847081,-0.438739,10
1.200000,1.900000,0.500000,0.321508,-0.851123,-0.414996,11
1.200000,1.900000,0.500000,0.341467,-0.854273,-0.391942,12
1.200000,1.900000,0.500000,0.359713,-0.856606,-0.369909,13
1.200000,1.900000,0.500000,0.376219,-0.858226,-0.349152,14
1.200000,1.900000,0.500000,0.391023,-0.859247,-0.329841,15
1.200000,1.900000,0.500000,0.404206,-0.859786,-0.312067,16
1.200000,1.900000,0.500000,0.415877,-0.859950,-0.295858,17
1.200000,1.900000,0.500000,0.426161,-0.859837,-0.281190,18
1.200000,1.900000,0.500000,0.435188,-0.859528,-0.267999,19
1.200000,1.900000,0.500000,0.443088,-0.859090,-0.256198,20
1.200000,1.900000,0.500000,0.449986,-0.858575,-0.245686,21
1.200000,1.900000,0.500000,0.455997,-0.858023,-0.236355,22
-1.100000,1.800000,0.700000,0.934924,-0.210752,-0.285483,0
-1.100000,1.800000,0.700000,0.940234,-0.207972,-0.269643,1
-1.100000,1.800000,0.700000,0.944431,-0.205411,-0.256623,2
-1.100000,1.800000,0.700000,0.947766,-0.203046,-0.245992,3
-0.200000,1.500000,-0.200000,0.980240,-0.155468,0.122307,0
-1.000000,0.800000,0.300000,0.969733,0.202027,-0.137122,0
0.000000,-0.300000,-0.600000,0.599455,0.750572,0.278022,0
0.000000,-0.300000,-0.600000,0.603454,0.751569,0.266435,1
0.000000,-0.300000,-0.600000,0.607042,0.752191,0.256340,2
-0.900000,1.200000,-0.300000,0.991066,0.031974,0.129483,0
1.300000,0.600000,-0.800000,-0.045162,0.649984,0.758605,0
1.300000,0.600000,-0.800000,-0.042142,0.663252,0.747209,1
1.300000,0.600000,-0.800000,-0.039146,0.676225,0.735654,2
1.300000,0.600000,-0.800000,-0.036187,0.688859,0.723991,3
1.300000,0.600000,-0.800000,-0.033281,0.701116,0.712270,4
1.300000,0.600000,-0.800000,-0.030437,0.712964,0.700540,5
1.300000,0.600000,-0.800000,-0.027667,0.724376,0.688849,6
1.300000,0.600000,-0.800000,-0.024980,0.735335,0.677243,7
1.300000,0.600000,-0.800000,-0.022380,0.745826,0.665765,8
1.300000,0.600000,-0.800000,-0.019874,0.755842,0.654453,9
1.300000,0.600000,-0.800000,-0.017464,0.765380,0.643342,10
1.300000,0.600000,-0.800000,-0.015152,0.774441,0.632464,11
1.300000,0.600000,-0.800000,-0.012937,0.783032,0.621846,12
1.300000,0.600000,-0.800000,-0.010818,0.791161,0.611512,13
1.300000,0.600000,-0.800000,-0.008793,0.798839,0.601480,14
1.300000,0.600000,-0.800000,-0.006860,0.806080,0.591767,15
1.300000,0.600000,-0.800000,-0.005015,0.812898,0.582384,16
1.300000,0.600000,-0.800000,-0.003254,0.819309,0.573343,17
1.300000,0.600000,-0.800000,-0.001573,0.825331,0.564647,18
1.300000,0.600000,-0.800000,0.000032,0.830980,0.556302,19
1.600000,1.100000,-0.400000,-0.638826,0.312439,0.703053,0
1.600000,1.100000,-0.400000,-0.648337,0.325046,0.688480,1
1.600000,1.100000,-0.400000,-0.658217,0.338003,0.672684,2
1.600000,1.100000,-0.400000,-0.668432,0.351250,0.655608,3
1.600000,1.100000,-0.400000,-0.678930,0.364709,0.637214,4
1.600000,1.100000,-0.400000,-0.689642,0.378289,0.617487,5
1.600000,1.100000,-0.400000,-0.700487,0.391883,0.596444,6
1.600000,1.100000,-0.400000,-0.711367,0.405370,0.574136,7
1.600000,1.100000,-0.400000,-0.722173,0.418625,0.550654,8
1.600000,1.100000,-0.400000,-0.732789,0.431515,0.526133,9
1.600000,1.100000,-0.400000,-0.743096,0.443909,0.500753,10
1.600000,1.100000,-0.400000,-0.752977,0.455684,0.474739,11
1.600000,1.100000,-0.400000,-0.762321,0.466730,0.448363,12
1.600000,1.100000,-0.400000,-0.771030,0.476952,0.421935,13
1.600000,1.100000,-0.400000,-0.779023,0.486286,0.395790,14
1.600000,1.100000,-0.400000,-0.786244,0.494692,0.370271,15
1.600000,1.100000,-0.400000,-0.792667,0.502164,0.345702,16
1.600000,1.100000,-0.400000,-0.798297,0.508727,0.322364,17
1.600000,1.100000,-0.400000,-0.803166,0.514430,0.300477,18
1.600000,1.100000,-0.400000,-0.807330,0.519339,0.280187,19
1.600000,1.100000,-0.400000,-0.810859,0.523535,0.261570,20
1.600000,1.100000,-0.400000,-0.813830,0.527100,0.244635,21
1.600000,1.100000,-0.400000,-0.816321,0.530115,0.229342,22
1.600000,1.100000,-0.400000,-0.818406,0.532656,0.215612,23
1.600000,1.100000,-0.400000,-0.820151,0.534793,0.203346,24
1.600000,1.100000,-0.400000,-0.821612,0.536587,0.192427,25
-1.500000,-1.300000,-1.000000,0.707490,0.660210,0.252153,0
0.800000,0.300000,-0.500000,0.386419,0.826101,0.410167,0
0.800000,0.300000,-0.500000,0.392758,0.829322,0.397450,1
0.800000,0.300000,-0.500000,0.398850,0.832120,0.385351,2
0.800000,0.300000,-0.500000,0.404703,0.834524,0.373879,3
0.800000,0.300000,-0.500000,0.410322,0.836564,0.363038,4
0.800000,0.300000,-0.500000,0.415715,0.838269,0.352825,5
0.800000,0.300000,-0.500000,0.420890,0.839669,0.343232,6
0.800000,0.300000,-0.500000,0.425855,0.840790,0.334244,7
0.600000,-0.500000,0.300000,0.341599,0.924968,-0.166568,0
1.700000,-1.000000,-0.500000,-0.188998,0.960608,0.203744,0
1.700000,-1.000000,-0.500000,-0.189401,0.962920,0.192124,1
0.700000,-1.000000,-1.000000,0.218444,0.895696,0.387312,0
0.700000,-1.000000,-1.000000,0.224672,0.900808,0.371575,1
0.700000,-1.000000,-1.000000,0.230316,0.904764,0.358269,2
0.700000,-1.000000,-1.000000,0.235467,0.907791,0.347090,3
0.700000,-1.000000,-1.000000,0.240202,0.910074,0.337740,4
0.300000,-0.700000,0.600000,0.419314,0.866117,-0.272062,0
0.300000,-0.700000,0.600000,0.423759,0.867490,-0.260555,1
0.300000,-0.700000,0.600000,0.427875,0.868373,-0.250703,2
0.600000,1.700000,-0.900000,0.554442,-0.365274,0.747776,0
0.600000,1.700000,-0.900000,0.571160,-0.375002,0.730171,1
0.600000,1.700000,-0.900000,0.587270,-0.385418,0.711735,2
0.600000,1.700000,-0.900000,0.602626,-0.396515,0.692544,3
0.600000,1.700000,-0.900000,0.617089,-0.408271,0.672693,4
0.600000,1.700000,-0.900000,0.630532,-0.420646,0.652293,5
0.600000,1.700000,-0.900000,0.642844,-0.433578,0.631476,6
0.600000,1.700000,-0.900000,0.653933,-0.446984,0.610391,7
0.600000,1.700000,-0.900000,0.663731,-0.460761,0.589203,8
0.600000,1.700000,-0.900000,0.672195,-0.474787,0.568094,9
0.600000,1.700000,-0.900000,0.679314,-0.488923,0.547254,10
0.600000,1.700000,-0.900000,0.685105,-0.503023,0.526876,11
0.600000,1.700000,-0.900000,0.689619,-0.516937,0.507150,12
0.600000,1.700000,-0.900000,0.692937,-0.530521,0.488248,13
0.600000,1.700000,-0.900000,0.695163,-0.543643,0.470320,14
0.600000,1.700000,-0.900000,0.696421,-0.556196,0.453480,15
0.600000,1.700000,-0.900000,0.696847,-0.568092,0.437809,16
0.600000,1.700000,-0.900000,0.696576,-0.579273,0.423348,17
0.600000,1.700000,-0.900000,0.695744,-0.589706,0.410106,18
0.600000,1.700000,-0.900000,0.694473,-0.599381,0.398058,19
0.600000,1.700000,-0.900000,0.692873,-0.608304,0.387161,20
0.600000,1.700000,-0.900000,0.691040,-0.616499,0.377350,21
0.600000,1.700000,-0.900000,0.689054,-0.623999,0.368553,22
0.600000,1.700000,-0.900000,0.686980,-0.630843,0.360689,23
-1.600000,-0.500000,0.200000,0.848064,0.525894,-0.064982,0
-0.900000,1.500000,0.200000,0.989291,-0.105901,-0.100444,0
1.700000,-0.200000,0.600000,-0.269678,0.887506,-0.373638,0
1.700000,-0.200000,0.600000,-0.280300,0.891459,-0.355995,1
1.700000,-0.200000,0.600000,-0.291359,0.894230,-0.339798,2
1.700000,-0.200000,0.600000,-0.302803,0.895918,-0.325025,3
1.700000,-0.200000,0.600000,-0.314577,0.896622,-0.311625,4
1.700000,-0.200000,0.600000,-0.326619,0.896441,-0.299522,5
1.700000,-0.200000,0.600000,-0.338862,0.895469,-0.288630,6
1.700000,-0.200000,0.600000,-0.351233,0.893799,-0.278853,7
1.700000,-0.200000,0.600000,-0.363654,0.891519,-0.270093,8
1.700000,-0.200000,0.600000,-0.376044,0.888715,-0.262253,9
1.700000,-0.200000,0.600000,-0.388322,0.885470,-0.255242,10
1.700000,-0.200000,0.600000,-0.400403,0.881866,-0.248975,11
1.700000,-0.200000,0.600000,-0.412211,0.877981,-0.243373,12
1.700000,-0.200000,0.600000,-0.423673,0.873890,-0.238363,13
1.700000,-0.200000,0.600000,-0.434723,0.869663,-0.233883,14
1.700000,-0.200000,0.600000,-0.445309,0.865365,-0.229875,15
1.700000,-0.200000,0.600000,-0.455387,0.861055,-0.226288,16
1.700000,-0.200000,0.600000,-0.464927,0.856784,-0.223078,17
1.700000,-0.200000,0.600000,-0.473909,0.852596,-0.220204,18
1.800000,0.500000,-0.300000,-0.554922,0.781311,0.285682,0
1.800000,0.500000,-0.300000,-0.571021,0.777461,0.263608,1
1.800000,0.500000,-0.300000,-0.586655,0.772637,0.242625,2
1.800000,0.500000,-0.300000,-0.601598,0.767053,0.222956,3
1.800000,0.500000,-0.300000,-0.615664,0.760938,0.204771,4
1.800000,0.500000,-0.300000,-0.628722,0.754520,0.188170,5
1.800000,0.500000,-0.300000,-0.640701,0.748002,0.173188,6
1.800000,0.500000,-0.300000,-0.651584,0.741554,0.159799,7
1.800000,0.500000,-0.300000,-0.661393,0.735307,0.147929,8
1.800000,0.500000,-0.300000,-0.670182,0.729354,0.137473,9
1.800000,0.500000,-0.300000,-0.678024,0.723755,0.128308,10
1.800000,0.500000,-0.300000,-0.684998,0.718543,0.120307,11
1.800000,0.500000,-0.300000,-0.691189,0.713731,0.113340,12
-0.600000,-1.200000,-0.600000,0.589920,0.785976,0.185031,0
-0.300000,-1.200000,-0.000000,0.532466,0.846427,-0.006391,0
-1.000000,-0.200000,0.800000,0.801362,0.522560,-0.291119,0
-1.000000,-0.200000,0.800000,0.804036,0.525013,-0.279084,1
-1.000000,-0.200000,0.800000,0.806154,0.526921,-0.269203,2
-2.000000,-0.500000,0.100000,0.878029,0.477535,-0.032019,0
2.000000,0.100000,-0.600000,-0.496253,0.777419,0.386460,0
2.000000,0.100000,-0.600000,-0.509565,0.781311,0.360411,1
2.000000,0.100000,-0.600000,-0.522727,0.783468,0.336056,2
2.000000,0.100000,-0.600000,-0.535537,0.784115,0.313630,3
2.000000,0.100000,-0.600000,-0.547824,0.783509,0.293261,4
2.000000,0.100000,-0.600000,-0.559454,0.781918,0.274983,5
2.000000,0.100000,-0.600000,-0.570340,0.779592,0.258744,6
2.000000,0.100000,-0.600000,-0.580431,0.776757,0.244435,7
2.000000,0.100000,-0.600000,-0.589713,0.773599,0.231910,8
2.000000,0.100000,-0.600000,-0.598196,0.770272,0.221003,9
2.000000,0.100000,-0.600000,-0.605910,0.766892,0.211540,10
2.000000,0.100000,-0.600000,-0.612895,0.763548,0.203355,11
2.000000,0.100000,-0.600000,-0.619202,0.760302,0.196290,12
0.300000,-0.200000,-0.300000,0.537428,0.828265,0.158584,0
0.000000,0.700000,-0.800000,0.791817,0.359734,0.493576,0
0.000000,0.700000,-0.800000,0.799083,0.365721,0.477194,1
0.000000,0.700000,-0.800000,0.805505,0.371281,0.461856,2
0.000000,0.700000,-0.800000,0.811146,0.376439,0.447590,3
0.000000,0.700000,-0.800000,0.816069,0.381221,0.434398,4
0.000000,0.700000,-0.800000,0.820343,0.385656,0.422263,5
0.000000,0.700000,-0.800000,0.824032,0.389774,0.411154,6
0.000000,0.700000,-0.800000,0.827198,0.393601,0.401026,7
0.000000,0.700000,-0.800000,0.829901,0.397164,0.391823,8
-1.400000,-0.300000,0.900000,0.824870,0.487892,-0.285573,0
-1.400000,-0.300000,0.900000,0.827025,0.490518,-0.274631,1
-2.000000,1.000000,0.500000,0.984244,0.081522,-0.156901,0
1.100000,0.900000,-0.000000,0.383211,0.922487,-0.046554,0
-0.200000,-0.700000,0.500000,0.580909,0.787133,-0.207285,0
0.000000,-2.000000,-0.300000,0.356832,0.930729,0.080094,0
0.000000,-0.700000,0.800000,0.506681,0.796098,-0.330912,0
0.000000,-0.700000,0.800000,0.511583,0.798423,-0.317495,1
0.000000,-0.700000,0.800000,0.515955,0.800050,-0.306121,2
0.000000,-0.700000,0.800000,0.519883,0.801126,-0.296513,3
1.000000,-1.900000,0.500000,0.078682,0.983815,-0.160989,0
-1.000000,0.800000,0.200000,0.974594,0.203040,-0.094561,0
1.300000,-1.500000,1.000000,-0.015762,0.938412,-0.345159,0
1.300000,-1.500000,1.000000,-0.010025,0.943436,-0.331404,1
1.300000,-1.500000,1.000000,-0.004747,0.947250,-0.320462,2
1.300000,-1.500000,1.000000,0.000138,0.950144,-0.311812,3
0.100000,0.500000,-0.600000,0.767186,0.511780,0.386661,0
0.100000,0.500000,-0.600000,0.771233,0.516034,0.372704,1
0.100000,0.500000,-0.600000,0.774749,0.519916,0.359794,2
0.100000,0.500000,-0.600000,0.777787,0.523459,0.347907,3
0.100000,0.500000,-0.600000,0.780397,0.526694,0.337007,4
0.100000,0.500000,-0.600000,0.782628,0.529653,0.327050,5
1.500000,1.600000,-0.600000,-0.345874,-0.463742,0.815668,0
1.100000,-1.700000,-0.300000,0.051389,0.994226,0.094202,0
-1.100000,-0.200000,0.600000,0.827903,0.516929,-0.217626,0
-1.600000,-0.200000,0.900000,0.854718,0.440159,-0.275167,0
-1.600000,-0.200000,0.900000,0.856475,0.443099,-0.264788,1
-0.800000,-0.900000,0.600000,0.673142,0.711164,-0.202795,0
-1.400000,2.000000,-0.000000,0.964107,-0.265426,-0.006775,0
0.800000,-0.800000,-0.200000,0.213271,0.973263,0.085290,0
0.300000,-0.200000,-0.600000,0.516609,0.796179,0.314984,0
0.300000,-0.200000,-0.600000,0.521512,0.797911,0.302263,1
0.300000,-0.200000,-0.600000,0.526002,0.799183,0.290910,2
0.300000,-0.200000,-0.600000,0.530126,0.800067,0.280819,3
0.900000,-1.500000,-0.200000,0.126342,0.989867,0.064820,0
-1.000000,-2.000000,-0.100000,0.567387,0.823196,0.020484,0
-1.300000,0.200000,0.100000,0.921521,0.385961,-0.042818,0
