1.600000,0.000000,-0.700000,-0.233840,0.856682,0.459799,0
1.600000,0.000000,-0.700000,-0.240496,0.865047,0.440290,1
1.600000,0.000000,-0.700000,-0.247810,0.872214,0.421703,2
1.600000,0.000000,-0.700000,-0.255774,0.878220,0.404116,3
1.600000,0.000000,-0.700000,-0.264376,0.883116,0.387572,4
1.600000,0.000000,-0.700000,-0.273598,0.886959,0.372085,5
1.600000,0.000000,-0.700000,-0.283418,0.889811,0.357646,6
1.600000,0.000000,-0.700000,-0.293809,0.891733,0.344222,7
1.600000,0.000000,-0.700000,-0.304736,0.892786,0.331767,8
1.600000,0.000000,-0.700000,-0.316159,0.893028,0.320225,9
1.600000,0.000000,-0.700000,-0.328027,0.892517,0.309533,10
1.600000,0.000000,-0.700000,-0.340284,0.891308,0.299628,11
1.600000,0.000000,-0.700000,-0.352861,0.889454,0.290448,12
1.600000,0.000000,-0.700000,-0.365682,0.887012,0.281934,13
1.600000,0.000000,-0.700000,-0.378663,0.884037,0.274032,14
1.600000,0.000000,-0.700000,-0.391710,0.880589,0.266694,15
1.600000,0.000000,-0.700000,-0.404729,0.876731,0.259878,16
1.600000,0.000000,-0.700000,-0.417619,0.872530,0.253547,17
1.600000,0.000000,-0.700000,-0.430285,0.868051,0.247672,18
1.600000,0.000000,-0.700000,-0.442635,0.863366,0.242224,19
1.600000,0.000000,-0.700000,-0.454587,0.858543,0.237180,20
1.600000,0.000000,-0.700000,-0.466067,0.853649,0.232519,21
1.600000,0.000000,-0.700000,-0.477019,0.848745,0.228221,22
1.600000,0.000000,-0.700000,-0.487399,0.843887,0.224267,23
1.600000,0.000000,-0.700000,-0.497177,0.839126,0.220639,24
1.600000,0.000000,-0.700000,-0.506339,0.834502,0.217319,25
1.600000,0.000000,-0.700000,-0.514881,0.830047,0.214287,26
-1.300000,0.200000,0.400000,0.911998,0.381972,-0.149523,0
1.800000,-0.300000,-0.800000,-0.297598,0.854637,0.425476,0
1.800000,-0.300000,-0.800000,-0.304620,0.862840,0.403379,1
1.800000,-0.300000,-0.800000,-0.312232,0.869321,0.383134,2
1.800000,-0.300000,-0.800000,-0.320381,0.874246,0.364761,3
1.800000,-0.300000,-0.800000,-0.329007,0.877784,0.348209,4
1.800000,-0.300000,-0.800000,-0.338047,0.880106,0.333373,5
1.800000,-0.300000,-0.800000,-0.347436,0.881369,0.320121,6
1.800000,-0.300000,-0.800000,-0.357105,0.881716,0.308305,7
1.800000,-0.300000,-0.800000,-0.366980,0.881280,0.297776,8
1.800000,-0.300000,-0.800000,-0.376988,0.880177,0.288389,9
1.800000,-0.300000,-0.800000,-0.387052,0.878512,0.280012,10
1.800000,-0.300000,-0.800000,-0.397099,0.876381,0.272523,11
1.800000,-0.300000,-0.800000,-0.407053,0.873870,0.265815,12
1.800000,-0.300000,-0.800000,-0.416847,0.871059,0.259797,13
1.800000,-0.300000,-0.800000,-0.426415,0.868020,0.254386,14
1.800000,-0.300000,-0.800000,-0.435700,0.864817,0.249513,15
1.800000,-0.300000,-0.800000,-0.444654,0.861510,0.245119,16
1.800000,-0.300000,-0.800000,-0.453238,0.858150,0.241150,17
-0.500000,0.300000,-1.000000,0.785941,0.434535,0.439859,0
-0.500000,0.300000,-1.000000,0.792711,0.439096,0.422852,1
-0.500000,0.300000,-1.000000,0.798363,0.442939,0.407948,2
-0.500000,0.300000,-1.000000,0.803066,0.446178,0.394981,3
-0.500000,0.300000,-1.000000,0.806971,0.448911,0.383765,4
-0.500000,0.300000,-1.000000,0.810211,0.451224,0.374105,5
-0.600000,1.500000,-0.900000,0.897455,-0.111620,0.426751,0
-0.600000,1.500000,-0.900000,0.906176,-0.111468,0.407946,1
-0.600000,1.500000,-0.900000,0.913428,-0.111614,0.391397,2
-0.600000,1.500000,-0.900000,0.919427,-0.112027,0.376967,3
-0.600000,1.500000,-0.900000,0.924372,-0.112676,0.364473,4
-0.600000,1.500000,-0.900000,0.928439,-0.113534,0.353710,5
1.100000,0.100000,0.200000,0.127946,0.974889,-0.182266,0
-0.200000,0.200000,0.700000,0.748300,0.550600,-0.369982,0
-0.200000,0.200000,0.700000,0.752804,0.554723,-0.354356,1
-0.200000,0.200000,0.700000,0.756626,0.558246,-0.340410,2
-0.200000,0.200000,0.700000,0.759863,0.561249,-0.328036,3
-0.200000,0.200000,0.700000,0.762605,0.563806,-0.317107,4
-0.200000,0.200000,0.700000,0.764928,0.565982,-0.307490,5
1.400000,2.000000,-0.500000,-0.165175,-0.823556,0.542654,0
1.400000,2.000000,-0.500000,-0.147679,-0.831063,0.536213,1
1.400000,2.000000,-0.500000,-0.128418,-0.838946,0.528847,2
1.400000,2.000000,-0.500000,-0.107227,-0.847159,0.520407,3
1.400000,2.000000,-0.500000,-0.083978,-0.855624,0.510740,4
1.400000,2.000000,-0.500000,-0.058609,-0.864214,0.499700,5
1.400000,2.000000,-0.500000,-0.031170,-0.872749,0.487172,6
1.400000,2.000000,-0.500000,-0.001855,-0.881004,0.473106,7
1.400000,2.000000,-0.500000,0.028964,-0.888716,0.457542,8
1.400000,2.000000,-0.500000,0.060749,-0.895625,0.440643,9
1.400000,2.000000,-0.500000,0.092841,-0.901505,0.422693,10
1.400000,2.000000,-0.500000,0.124540,-0.906207,0.404078,11
1.400000,2.000000,-0.500000,0.155194,-0.909676,0.385233,12
1.400000,2.000000,-0.500000,0.184272,-0.911951,0.366592,13
1.400000,2.000000,-0.500000,0.211400,-0.913145,0.348534,14
1.400000,2.000000,-0.500000,0.236360,-0.913420,0.331359,15
1.400000,2.000000,-0.500000,0.259067,-0.912955,0.315273,16
1.400000,2.000000,-0.500000,0.279541,-0.911930,0.300400,17
1.400000,2.000000,-0.500000,0.297871,-0.910507,0.286792,18
1.400000,2.000000,-0.500000,0.314188,-0.908825,0.274449,19
1.400000,2.000000,-0.500000,0.328649,-0.906999,0.263331,20
1.400000,2.000000,-0.500000,0.341418,-0.905116,0.253374,21
1.400000,2.000000,-0.500000,0.352661,-0.903244,0.244500,22
1.400000,2.000000,-0.500000,0.362536,-0.901432,0.236620,23
1.400000,2.000000,-0.500000,0.371192,-0.899710,0.229647,24
-2.000000,0.100000,0.500000,0.930638,0.334521,-0.148355,0
0.700000,-0.400000,0.100000,0.313975,0.947043,-0.067304,0
0.700000,-1.300000,-0.500000,0.207133,0.961585,0.180139,0
1.400000,-1.900000,1.000000,-0.043968,0.951118,-0.305682,0
1.400000,-1.900000,1.000000,-0.035198,0.954968,-0.294613,1
1.400000,-1.900000,1.000000,-0.027215,0.957751,-0.286308,2
1.700000,0.000000,0.900000,-0.274042,0.779119,-0.563804,0
1.700000,0.000000,0.900000,-0.284110,0.790814,-0.542120,1
1.700000,0.000000,0.900000,-0.294843,0.800862,-0.521237,2
1.700000,0.000000,0.900000,-0.306171,0.809283,-0.501318,3
1.700000,0.000000,0.900000,-0.318015,0.816132,-0.482488,4
1.700000,0.000000,0.900000,-0.330289,0.821487,-0.464831,5
1.700000,0.000000,0.900000,-0.342902,0.825446,-0.448394,6
1.700000,0.000000,0.900000,-0.355757,0.828122,-0.433187,7
1.700000,0.000000,0.900000,-0.368754,0.829636,-0.419194,8
1.700000,0.000000,0.900000,-0.381793,0.830116,-0.406376,9
1.700000,0.000000,0.900000,-0.394773,0.829690,-0.394676,10
1.700000,0.000000,0.900000,-0.407596,0.828485,-0.384029,11
1.700000,0.000000,0.900000,-0.420168,0.826626,-0.374363,12
1.700000,0.000000,0.900000,-0.432405,0.824232,-0.365606,13
1.700000,0.000000,0.900000,-0.444229,0.821416,-0.357683,14
1.700000,0.000000,0.900000,-0.455576,0.818280,-0.350526,15
1.700000,0.000000,0.900000,-0.466396,0.814918,-0.344069,16
1.700000,0.000000,0.900000,-0.476649,0.811415,-0.338248,17
1.700000,0.000000,0.900000,-0.486311,0.807841,-0.333008,18
1.700000,0.000000,0.900000,-0.495370,0.804259,-0.328293,19
1.700000,0.000000,0.900000,-0.503824,0.800718,-0.324055,20
1.800000,-0.400000,-0.700000,-0.290058,0.886057,0.361622,0
1.800000,-0.400000,-0.700000,-0.296887,0.891729,0.341581,1
1.800000,-0.400000,-0.700000,-0.304214,0.895958,0.323594,2
1.800000,-0.400000,-0.700000,-0.311989,0.898926,0.307564,3
1.800000,-0.400000,-0.700000,-0.320161,0.900802,0.293348,4
1.800000,-0.400000,-0.700000,-0.328679,0.901739,0.280780,5
1.800000,-0.400000,-0.700000,-0.337486,0.901872,0.269686,6
1.800000,-0.400000,-0.700000,-0.346528,0.901318,0.259893,7
1.800000,-0.400000,-0.700000,-0.355745,0.900180,0.251241,8
1.800000,-0.400000,-0.700000,-0.365076,0.898547,0.243583,9
1.800000,-0.400000,-0.700000,-0.374459,0.896499,0.236789,10
1.800000,-0.400000,-0.700000,-0.383833,0.894108,0.230745,11
1.800000,-0.400000,-0.700000,-0.393137,0.891437,0.225351,12
1.800000,-0.400000,-0.700000,-0.402310,0.888547,0.220523,13
1.800000,-0.400000,-0.700000,-0.411300,0.885491,0.216189,14
1.800000,-0.400000,-0.700000,-0.420054,0.882320,0.212288,15
0.900000,0.200000,0.400000,0.294163,0.889996,-0.348389,0
0.900000,0.200000,0.400000,0.298655,0.893249,-0.336024,1
0.900000,0.200000,0.400000,0.303103,0.896078,-0.324304,2
0.900000,0.200000,0.400000,0.307504,0.898514,-0.313232,3
0.900000,0.200000,0.400000,0.311858,0.900586,-0.302805,4
0.900000,0.200000,0.400000,0.316162,0.902322,-0.293012,5
0.900000,0.200000,0.400000,0.320415,0.903753,-0.283839,6
1.800000,1.200000,0.200000,-0.922053,0.117215,-0.368888,0
1.800000,1.200000,0.200000,-0.924624,0.147376,-0.351212,1
1.800000,1.200000,0.200000,-0.926117,0.177455,-0.332892,2
1.800000,1.200000,0.200000,-0.926505,0.206914,-0.314285,3
1.800000,1.200000,0.200000,-0.925835,0.235267,-0.295768,4
1.800000,1.200000,0.200000,-0.924218,0.262118,-0.277698,5
1.800000,1.200000,0.200000,-0.921807,0.287184,-0.260378,6
1.800000,1.200000,0.200000,-0.918782,0.310296,-0.244042,7
1.800000,1.200000,0.200000,-0.915322,0.331386,-0.228843,8
1.800000,1.200000,0.200000,-0.911594,0.350471,-0.214864,9
1.800000,1.200000,0.200000,-0.907742,0.367626,-0.202129,10
1.800000,1.200000,0.200000,-0.903883,0.382963,-0.190619,11
1.800000,1.200000,0.200000,-0.900107,0.396618,-0.180281,12
1.800000,1.200000,0.200000,-0.896481,0.408735,-0.171045,13
1.800000,1.200000,0.200000,-0.893051,0.419459,-0.162831,14
1.800000,1.200000,0.200000,-0.889844,0.428931,-0.155550,15
1.800000,1.200000,0.200000,-0.886876,0.437282,-0.149117,16
1.900000,0.400000,-0.400000,-0.562848,0.756953,0.332002,0
1.900000,0.400000,-0.400000,-0.577805,0.756259,0.306942,1
1.900000,0.400000,-0.400000,-0.592206,0.754356,0.283265,2
1.900000,0.400000,-0.400000,-0.605842,0.751470,0.261245,3
1.900000,0.400000,-0.400000,-0.618559,0.747844,0.241069,4
1.900000,0.400000,-0.400000,-0.630262,0.743719,0.222827,5
1.900000,0.400000,-0.400000,-0.640917,0.739307,0.206522,6
1.900000,0.400000,-0.400000,-0.650533,0.734786,0.192085,7
1.900000,0.400000,-0.400000,-0.659155,0.730295,0.179398,8
1.900000,0.400000,-0.400000,-0.666851,0.725934,0.168314,9
1.900000,0.400000,-0.400000,-0.673696,0.721773,0.158673,10
1.900000,0.400000,-0.400000,-0.679773,0.717854,0.150315,11
1.100000,1.100000,-0.000000,0.669051,0.738758,-0.081279,0
-1.000000,-1.300000,1.000000,0.631894,0.720501,-0.285636,0
1.400000,1.300000,1.000000,-0.142306,-0.029648,-0.989379,0
0.200000,1.200000,0.600000,0.860919,0.056776,-0.505564,0
0.200000,1.200000,0.600000,0.869094,0.057446,-0.491299,1
0.200000,1.200000,0.600000,0.876706,0.057983,-0.477519,2
0.200000,1.200000,0.600000,0.883771,0.058392,-0.464261,3
0.200000,1.200000,0.600000,0.890311,0.058678,-0.451556,4
0.200000,1.200000,0.600000,0.896349,0.058847,-0.439425,5
0.200000,1.200000,0.600000,0.901912,0.058907,-0.427885,6
0.200000,1.200000,0.600000,0.907025,0.058862,-0.416942,7
0.200000,1.200000,0.600000,0.911718,0.058721,-0.406599,8
0.200000,1.200000,0.600000,0.916018,0.058488,-0.396850,9
-0.700000,-0.300000,-0.400000,0.770692,0.619192,0.150452,0
-1.400000,0.500000,0.200000,0.957439,0.277645,-0.078893,0
1.000000,1.700000,-1.000000,0.230187,-0.390956,0.891160,0
1.000000,1.700000,-1.000000,0.246281,-0.397675,0.883855,1
1.000000,1.700000,-1.000000,0.263018,-0.404915,0.875709,2
1.000000,1.700000,-1.000000,0.280348,-0.412703,0.866649,3
1.000000,1.700000,-1.000000,0.298201,-0.421066,0.856610,4
1.000000,1.700000,-1.000000,0.316482,-0.430023,0.845529,5
1.000000,1.700000,-1.000000,0.335077,-0.439588,0.833358,6
1.000000,1.700000,-1.000000,0.353849,-0.449767,0.820061,7
1.000000,1.700000,-1.000000,0.372641,-0.460557,0.805621,8
1.000000,1.700000,-1.000000,0.391285,-0.471941,0.790043,9
1.000000,1.700000,-1.000000,0.409603,-0.483886,0.773356,10
1.000000,1.700000,-1.000000,0.427414,-0.496345,0.755619,11
1.000000,1.700000,-1.000000,0.444540,-0.509252,0.736917,12
1.000000,1.700000,-1.000000,0.460817,-0.522523,0.717369,13
1.000000,1.700000,-1.000000,0.476097,-0.536056,0.697120,14
1.000000,1.700000,-1.000000,0.490255,-0.549736,0.676343,15
1.000000,1.700000,-1.000000,0.503194,-0.563435,0.655238,16
1.000000,1.700000,-1.000000,0.514849,-0.577017,0.634021,17
1.000000,1.700000,-1.000000,0.525189,-0.590344,0.612920,18
1.000000,1.700000,-1.000000,0.534214,-0.603287,0.592166,19
1.000000,1.700000,-1.000000,0.541959,-0.615727,0.571980,20
1.000000,1.700000,-1.000000,0.548484,-0.627566,0.552564,21
1.000000,1.700000,-1.000000,0.553875,-0.638728,0.534088,22
1.000000,1.700000,-1.000000,0.558234,-0.649163,0.516684,23
1.000000,1.700000,-1.000000,0.561673,-0.658849,0.500442,24
1.000000,1.700000,-1.000000,0.564309,-0.667781,0.485411,25
1.000000,1.700000,-1.000000,0.566255,-0.675977,0.471605,26
1.000000,1.700000,-1.000000,0.567618,-0.683467,0.459002,27
1.000000,1.700000,-1.000000,0.568498,-0.690290,0.447560,28
1.000000,1.700000,-1.000000,0.568981,-0.696492,0.437219,29
1.500000,0.600000,-0.900000,-0.217403,0.590413,0.777270,0
1.500000,0.600000,-0.900000,-0.220044,0.606039,0.764394,1
1.500000,0.600000,-0.900000,-0.223041,0.621407,0.751070,2
1.500000,0.600000,-0.900000,-0.226426,0.636432,0.737351,3
1.500000,0.600000,-0.900000,-0.230228,0.651030,0.723295,4
1.500000,0.600000,-0.900000,-0.234476,0.665124,0.708965,5
1.500000,0.600000,-0.900000,-0.239196,0.678645,0.694426,6
1.500000,0.600000,-0.900000,-0.244411,0.691530,0.679743,7
1.500000,0.600000,-0.900000,-0.250141,0.703727,0.664980,8
1.500000,0.600000,-0.900000,-0.256406,0.715191,0.650199,9
1.500000,0.600000,-0.900000,-0.263220,0.725886,0.635456,10
1.500000,0.600000,-0.900000,-0.270596,0.735786,0.620803,11
1.500000,0.600000,-0.900000,-0.278544,0.744870,0.606286,12
1.500000,0.600000,-0.900000,-0.287074,0.753123,0.591942,13
1.500000,0.600000,-0.900000,-0.296189,0.760536,0.577804,14
1.500000,0.600000,-0.900000,-0.305893,0.767105,0.563897,15
1.500000,0.600000,-0.900000,-0.316184,0.772828,0.550240,16
1.500000,0.600000,-0.900000,-0.327058,0.777708,0.536846,17
1.500000,0.600000,-0.900000,-0.338503,0.781747,0.523725,18
1.500000,0.600000,-0.900000,-0.350503,0.784952,0.510880,19
1.500000,0.600000,-0.900000,-0.363035,0.787331,0.498313,20
1.500000,0.600000,-0.900000,-0.376066,0.788894,0.486026,21
1.500000,0.600000,-0.900000,-0.389551,0.789656,0.474018,22
1.500000,0.600000,-0.900000,-0.403438,0.789636,0.462290,23
1.500000,0.600000,-0.900000,-0.417659,0.788858,0.450847,24
1.500000,0.600000,-0.900000,-0.432137,0.787353,0.439696,25
1.500000,0.600000,-0.900000,-0.446779,0.785162,0.428847,26
1.500000,0.600000,-0.900000,-0.461484,0.782333,0.418316,27
1.500000,0.600000,-0.900000,-0.476143,0.778925,0.408121,28
1.500000,0.600000,-0.900000,-0.490643,0.775007,0.398287,29
-0.500000,1.800000,0.200000,0.950406,-0.287550,-0.118508,0
-0.500000,1.800000,0.200000,0.949128,-0.294955,-0.110263,1
-0.500000,1.800000,0.200000,0.947545,-0.302514,-0.103165,2
0.600000,-0.400000,-0.600000,0.346728,0.885796,0.308457,0
0.600000,-0.400000,-0.600000,0.351947,0.888048,0.295811,1
0.600000,-0.400000,-0.600000,0.356846,0.889761,0.284582,2
0.600000,-0.400000,-0.600000,0.361459,0.891019,0.274649,3
0.300000,1.900000,-0.900000,0.660570,-0.436825,0.610599,0
0.300000,1.900000,-0.900000,0.675033,-0.449229,0.585256,1
0.300000,1.900000,-0.900000,0.687791,-0.462106,0.559822,2
0.300000,1.900000,-0.900000,0.698753,-0.475294,0.534640,3
0.300000,1.900000,-0.900000,0.707887,-0.488604,0.510061,4
0.300000,1.900000,-0.900000,0.715232,-0.501836,0.486418,5
0.300000,1.900000,-0.900000,0.720887,-0.514798,0.464010,6
0.300000,1.900000,-0.900000,0.725001,-0.527317,0.443070,7
0.300000,1.900000,-0.900000,0.727761,-0.539251,0.423761,8
0.300000,1.900000,-0.900000,0.729371,-0.550498,0.406165,9
0.300000,1.900000,-0.900000,0.730037,-0.560993,0.390297,10
0.300000,1.900000,-0.900000,0.729955,-0.570706,0.376112,11
0.300000,1.900000,-0.900000,0.729297,-0.579636,0.363521,12
0.300000,1.900000,-0.900000,0.728215,-0.587801,0.352409,13
0.300000,1.900000,-0.900000,0.726833,-0.595236,0.342648,14
0.300000,1.900000,-0.900000,0.725253,-0.601983,0.334102,15
1.800000,0.100000,-0.700000,-0.374414,0.801199,0.466791,0
1.800000,0.100000,-0.700000,-0.385973,0.809022,0.443292,1
1.800000,0.100000,-0.700000,-0.398202,0.815190,0.420594,2
1.800000,0.100000,-0.700000,-0.410999,0.819737,0.398888,3
1.800000,0.100000,-0.700000,-0.424235,0.822735,0.378328,4
1.800000,0.100000,-0.700000,-0.437768,0.824293,0.359027,5
1.800000,0.100000,-0.700000,-0.451441,0.824547,0.341062,6
1.800000,0.100000,-0.700000,-0.465093,0.823656,0.324468,7
1.800000,0.100000,-0.700000,-0.478566,0.821790,0.309250,8
1.800000,0.100000,-0.700000,-0.491713,0.819125,0.295385,9
1.800000,0.100000,-0.700000,-0.504404,0.815834,0.282827,10
1.800000,0.100000,-0.700000,-0.516534,0.812080,0.271514,11
1.800000,0.100000,-0.700000,-0.528020,0.808011,0.261369,12
1.800000,0.100000,-0.700000,-0.538807,0.803757,0.252312,13
1.800000,0.100000,-0.700000,-0.548864,0.799430,0.244254,14
1.800000,0.100000,-0.700000,-0.558182,0.795118,0.237108,15
1.800000,0.100000,-0.700000,-0.566767,0.790893,0.230788,16
1.800000,0.100000,-0.700000,-0.574641,0.786809,0.225209,17
0.200000,-0.500000,-0.300000,0.506856,0.851336,0.135366,0
1.900000,0.300000,0.300000,-0.535170,0.802508,-0.263767,0
1.900000,0.300000,0.300000,-0.550983,0.797169,-0.246858,1
1.900000,0.300000,0.300000,-0.565951,0.791299,-0.231397,2
1.900000,0.300000,0.300000,-0.579957,0.785104,-0.217398,3
1.900000,0.300000,0.300000,-0.592928,0.778768,-0.204834,4
1.900000,0.300000,0.300000,-0.604833,0.772449,-0.193646,5
1.900000,0.300000,0.300000,-0.615678,0.766275,-0.183748,6
1.900000,0.300000,0.300000,-0.625497,0.760338,-0.175040,7
1.900000,0.300000,0.300000,-0.634343,0.754707,-0.167412,8
1.900000,0.300000,0.300000,-0.642282,0.749422,-0.160754,9
1.900000,0.300000,0.300000,-0.649385,0.744505,-0.154958,10
-0.600000,-0.800000,0.300000,0.662819,0.740059,-0.113950,0
-0.300000,1.500000,0.100000,0.986358,-0.146368,-0.075332,0
1.700000,0.000000,-0.700000,-0.296025,0.841619,0.451715,0
1.700000,0.000000,-0.700000,-0.305015,0.849460,0.430562,1
1.700000,0.000000,-0.700000,-0.314728,0.855877,0.410391,2
1.700000,0.000000,-0.700000,-0.325128,0.860914,0.391304,3
1.700000,0.000000,-0.700000,-0.336163,0.864634,0.373367,4
1.700000,0.000000,-0.700000,-0.347773,0.867113,0.356608,5
1.700000,0.000000,-0.700000,-0.359884,0.868438,0.341028,6
1.700000,0.000000,-0.700000,-0.372409,0.868702,0.326601,7
1.700000,0.000000,-0.700000,-0.385250,0.868006,0.313286,8
1.700000,0.000000,-0.700000,-0.398303,0.866450,0.301030,9
1.700000,0.000000,-0.700000,-0.411452,0.864140,0.289776,10
1.700000,0.000000,-0.700000,-0.424580,0.861181,0.279461,11
1.700000,0.000000,-0.700000,-0.437569,0.857682,0.270027,12
1.700000,0.000000,-0.700000,-0.450307,0.853748,0.261416,13
1.700000,0.000000,-0.700000,-0.462690,0.849482,0.253571,14
1.700000,0.000000,-0.700000,-0.474626,0.844984,0.246439,15
1.700000,0.000000,-0.700000,-0.486040,0.840344,0.239970,16
1.700000,0.000000,-0.700000,-0.496874,0.835646,0.234116,17
1.700000,0.000000,-0.700000,-0.507088,0.830963,0.228829,18
1.700000,0.000000,-0.700000,-0.516656,0.826354,0.224066,19
1.700000,0.000000,-0.700000,-0.525571,0.821870,0.219782,20
1.700000,0.000000,-0.700000,-0.533837,0.817550,0.215936,21
1.500000,1.700000,-0.000000,-0.496551,-0.867195,-0.037558,0
-1.600000,-0.100000,1.000000,0.858197,0.411875,-0.306362,0
-1.600000,-0.100000,1.000000,0.860522,0.415410,-0.294850,1
-0.900000,1.100000,0.100000,0.995417,0.078337,-0.054842,0
0.800000,-1.100000,-0.000000,0.187969,0.982145,-0.007729,0
-1.100000,-0.700000,-0.500000,0.757636,0.634016,0.154958,0
-0.100000,-1.900000,-0.200000,0.392184,0.918384,0.052549,0
0.800000,-1.300000,0.700000,0.167563,0.949426,-0.265541,0
0.800000,-1.300000,0.700000,0.171901,0.951611,-0.254728,1
1.500000,0.400000,0.100000,-0.270451,0.953894,-0.130165,0
1.500000,0.400000,0.100000,-0.283117,0.950753,-0.126150,1
1.500000,0.400000,0.100000,-0.296287,0.947227,-0.122376,2
1.500000,0.400000,0.100000,-0.309965,0.943293,-0.118824,3
1.500000,0.400000,0.100000,-0.324149,0.938931,-0.115478,4
1.500000,0.400000,0.100000,-0.338829,0.934120,-0.112319,5
1.500000,0.400000,0.100000,-0.353983,0.928840,-0.109331,6
1.500000,0.400000,0.100000,-0.369580,0.923076,-0.106494,7
1.500000,0.400000,0.100000,-0.385570,0.916822,-0.103795,8
1.500000,0.400000,0.100000,-0.401891,0.910076,-0.101217,9
1.500000,0.400000,0.100000,-0.418460,0.902851,-0.098746,10
1.500000,0.400000,0.100000,-0.435175,0.895173,-0.096372,11
1.500000,0.400000,0.100000,-0.451918,0.887084,-0.094085,12
1.500000,0.400000,0.100000,-0.468556,0.878643,-0.091881,13
1.500000,0.400000,0.100000,-0.484947,0.869926,-0.089755,14
1.500000,0.400000,0.100000,-0.500946,0.861023,-0.087709,15
1.500000,0.400000,0.100000,-0.516416,0.852034,-0.085743,16
1.500000,0.400000,0.100000,-0.531232,0.843065,-0.083864,17
1.500000,0.400000,0.100000,-0.545291,0.834219,-0.082075,18
1.500000,0.400000,0.100000,-0.558515,0.825591,-0.080383,19
1.500000,0.400000,0.100000,-0.570853,0.817264,-0.078790,20
1.500000,0.400000,0.100000,-0.582282,0.809304,-0.077301,21
1.500000,0.400000,0.100000,-0.592802,0.801762,-0.075916,22
1.500000,0.400000,0.100000,-0.602434,0.794672,-0.074634,23
1.500000,0.400000,0.100000,-0.611212,0.788051,-0.073454,24
1.500000,0.400000,0.100000,-0.619183,0.781905,-0.072372,25
0.500000,0.400000,-0.600000,0.584518,0.674499,0.450988,0
0.500000,0.400000,-0.600000,0.590447,0.678787,0.436601,1
0.500000,0.400000,-0.600000,0.595927,0.682634,0.422945,2
0.500000,0.400000,-0.600000,0.600981,0.686070,0.410037,3
0.500000,0.400000,-0.600000,0.605633,0.689125,0.397888,4
0.500000,0.400000,-0.600000,0.609910,0.691831,0.386496,5
0.500000,0.400000,-0.600000,0.613838,0.694218,0.375852,6
0.500000,0.400000,-0.600000,0.617442,0.696315,0.365938,7
-0.800000,-0.300000,-0.900000,0.751994,0.574748,0.322755,0
-0.800000,-0.300000,-0.900000,0.755868,0.576659,0.310045,1
-0.800000,-0.300000,-0.900000,0.759040,0.578064,0.299500,2
-1.300000,1.100000,0.700000,0.960645,0.063758,-0.270362,0
-1.300000,1.100000,0.700000,0.964010,0.067792,-0.257076,1
-1.300000,1.100000,0.700000,0.966578,0.071438,-0.246218,2
0.100000,1.300000,-0.600000,0.892745,-0.023625,0.449942,0
0.100000,1.300000,-0.600000,0.899906,-0.024245,0.435410,1
0.100000,1.300000,-0.600000,0.906436,-0.025098,0.421596,2
0.100000,1.300000,-0.600000,0.912372,-0.026178,0.408523,3
0.100000,1.300000,-0.600000,0.917752,-0.027481,0.396202,4
0.100000,1.300000,-0.600000,0.922614,-0.029001,0.384633,5
0.100000,1.300000,-0.600000,0.926997,-0.030731,0.373808,6
0.100000,1.300000,-0.600000,0.930940,-0.032666,0.363708,7
0.100000,1.300000,-0.600000,0.934480,-0.034798,0.354312,8
-1.400000,1.800000,0.700000,0.947740,-0.189487,-0.256677,0
-1.400000,1.800000,0.700000,0.952560,-0.183033,-0.243164,1
-1.400000,1.800000,0.700000,0.956352,-0.177005,-0.232507,2
-1.400000,1.800000,0.700000,0.959365,-0.171373,-0.224164,3
1.100000,-1.200000,-0.400000,0.061309,0.986426,0.152331,0
0.300000,0.700000,0.800000,0.691073,0.412748,-0.593344,0
0.300000,0.700000,0.800000,0.700310,0.420069,-0.577156,1
0.300000,0.700000,0.800000,0.708863,0.427061,-0.561365,2
0.300000,0.700000,0.800000,0.716740,0.433723,-0.546048,3
0.300000,0.700000,0.800000,0.723951,0.440053,-0.531270,4
0.300000,0.700000,0.800000,0.730518,0.446056,-0.517087,5
0.300000,0.700000,0.800000,0.736465,0.451736,-0.503541,6
0.300000,0.700000,0.800000,0.741824,0.457103,-0.490667,7
0.300000,0.700000,0.800000,0.746628,0.462167,-0.478485,8
0.300000,0.700000,0.800000,0.750913,0.466940,-0.467008,9
0.300000,0.700000,0.800000,0.754718,0.471435,-0.456235,10
0.300000,0.700000,0.800000,0.758079,0.475667,-0.446159,11
0.300000,0.700000,0.800000,0.761034,0.479650,-0.436765,12
-0.500000,-0.200000,0.200000,0.762971,0.639394,-0.095137,0
1.300000,-0.300000,-0.800000,-0.026522,0.894883,0.445512,0
1.300000,-0.300000,-0.800000,-0.025114,0.903427,0.428005,1
1.300000,-0.300000,-0.800000,-0.024020,0.910891,0.411948,2
1.300000,-0.300000,-0.800000,-0.023212,0.917380,0.397334,3
1.300000,-0.300000,-0.800000,-0.022664,0.923004,0.384123,4
1.300000,-0.300000,-0.800000,-0.022350,0.927865,0.372246,5
1.300000,-0.300000,-0.800000,-0.022246,0.932061,0.361618,6
1.300000,-0.300000,-0.800000,-0.022329,0.935680,0.352141,7
1.700000,1.900000,0.100000,-0.571230,-0.806634,-0.151784,0
-0.500000,-1.900000,-0.300000,0.482641,0.872388,0.077442,0
1.900000,-1.300000,-0.200000,-0.243439,0.967509,0.068287,0
1.500000,0.300000,0.600000,-0.209592,0.824265,-0.525984,0
1.500000,0.300000,0.600000,-0.219113,0.832175,-0.509386,1
1.500000,0.300000,0.600000,-0.229207,0.839198,-0.493165,2
1.500000,0.300000,0.600000,-0.239865,0.845325,-0.477379,3
1.500000,0.300000,0.600000,-0.251075,0.850554,-0.462080,4
1.500000,0.300000,0.600000,-0.262821,0.854891,-0.447310,5
1.500000,0.300000,0.600000,-0.275085,0.858343,-0.433099,6
1.500000,0.300000,0.600000,-0.287842,0.860925,-0.419470,7
1.500000,0.300000,0.600000,-0.301067,0.862653,-0.406434,8
1.500000,0.300000,0.600000,-0.314725,0.863548,-0.393996,9
1.500000,0.300000,0.600000,-0.328776,0.863635,-0.382154,10
1.500000,0.300000,0.600000,-0.343173,0.862942,-0.370896,11
1.500000,0.300000,0.600000,-0.357858,0.861502,-0.360210,12
1.500000,0.300000,0.600000,-0.372766,0.859356,-0.350077,13
1.500000,0.300000,0.600000,-0.387819,0.856546,-0.340477,14
1.500000,0.300000,0.600000,-0.402933,0.853127,-0.331390,15
1.500000,0.300000,0.600000,-0.418012,0.849157,-0.322798,16
1.500000,0.300000,0.600000,-0.432957,0.844703,-0.314681,17
1.500000,0.300000,0.600000,-0.447664,0.839840,-0.307026,18
1.500000,0.300000,0.600000,-0.462031,0.834647,-0.299819,19
1.500000,0.300000,0.600000,-0.475959,0.829208,-0.293049,20
1.500000,0.300000,0.600000,-0.489361,0.823604,-0.286708,21
1.500000,0.300000,0.600000,-0.502162,0.817919,-0.280787,22
1.500000,0.300000,0.600000,-0.514302,0.812229,-0.275277,23
1.500000,0.300000,0.600000,-0.525739,0.806603,-0.270166,24
1.500000,0.300000,0.600000,-0.536449,0.801101,-0.265444,25
1.500000,0.300000,0.600000,-0.546422,0.795771,-0.261096,26
1.500000,0.300000,0.600000,-0.555664,0.790654,-0.257107,27
1.500000,0.300000,0.600000,-0.564191,0.785778,-0.253457,28
-0.100000,-1.900000,-0.900000,0.380482,0.890982,0.247760,0
0.100000,-0.800000,0.400000,0.479433,0.860155,-0.174006,0
-0.800000,-1.100000,-0.600000,0.643944,0.743035,0.182305,0
-1.100000,0.700000,-0.300000,0.965455,0.233612,0.115418,0
0.000000,-1.000000,0.400000,0.477297,0.864162,-0.159410,0
-1.100000,0.900000,0.300000,0.979180,0.153722,-0.132574,0
-0.700000,1.000000,-0.300000,0.980688,0.135282,0.141245,0
1.500000,0.700000,0.100000,-0.390191,0.901379,-0.187796,0
1.500000,0.700000,0.100000,-0.406330,0.895509,-0.181550,1
1.500000,0.700000,0.100000,-0.422991,0.889001,-0.175375,2
1.500000,0.700000,0.100000,-0.440126,0.881838,-0.169266,3
1.500000,0.700000,0.100000,-0.457665,0.874015,-0.163220,4
1.500000,0.700000,0.100000,-0.475513,0.865542,-0.157242,5
1.500000,0.700000,0.100000,-0.493548,0.856450,-0.151338,6
1.500000,0.700000,0.100000,-0.511627,0.846794,-0.145524,7
1.500000,0.700000,0.100000,-0.529582,0.836656,-0.139820,8
1.500000,0.700000,0.100000,-0.547234,0.826143,-0.134251,9
1.500000,0.700000,0.100000,-0.564400,0.815384,-0.128848,10
1.500000,0.700000,0.100000,-0.580908,0.804524,-0.123643,11
1.500000,0.700000,0.100000,-0.596605,0.793713,-0.118668,12
1.500000,0.700000,0.100000,-0.611372,0.783096,-0.113952,13
1.500000,0.700000,0.100000,-0.625126,0.772803,-0.109518,14
1.500000,0.700000,0.100000,-0.637821,0.762941,-0.105381,15
1.500000,0.700000,0.100000,-0.649450,0.753592,-0.101551,16
1.500000,0.700000,0.100000,-0.660033,0.744814,-0.098028,17
1.500000,0.700000,0.100000,-0.669611,0.736636,-0.094806,18
1.500000,0.700000,0.100000,-0.678245,0.729070,-0.091873,19
1.500000,0.700000,0.100000,-0.686001,0.722110,-0.089216,20
-1.900000,-0.300000,1.000000,0.860012,0.428024,-0.277803,0
-1.900000,-0.300000,1.000000,0.861381,0.431313,-0.268313,1
-1.900000,-0.400000,-0.900000,0.858003,0.454232,0.239800,0
-0.800000,-1.700000,-1.000000,0.548863,0.793693,0.262300,0
-1.800000,-1.900000,-0.000000,0.693800,0.720155,-0.004237,0
-1.100000,0.700000,-0.300000,0.965455,0.233612,0.115418,0
-0.100000,-1.600000,0.100000,0.426310,0.903805,-0.037370,0
1.100000,-1.300000,0.800000,0.056823,0.951270,-0.303079,0
1.100000,-1.300000,0.800000,0.060900,0.954930,-0.290516,1
1.100000,-1.300000,0.800000,0.064710,0.957746,-0.280241,2
-2.000000,0.600000,0.200000,0.977363,0.201114,-0.065682,0
0.900000,0.400000,-0.300000,0.360755,0.887359,0.287141,0
0.900000,0.400000,-0.300000,0.366085,0.887967,0.278383,1
-1.300000,-0.100000,0.500000,0.867472,0.465239,-0.176195,0
-1.300000,0.500000,-0.100000,0.957026,0.288393,0.030491,0
-0.900000,0.300000,-0.900000,0.854304,0.384599,0.349640,0
-0.900000,0.300000,-0.900000,0.858532,0.387772,0.335493,1
-0.900000,0.300000,-0.900000,0.861887,0.390439,0.323587,2
-0.900000,0.300000,-0.900000,0.864544,0.392699,0.313611,3
1.100000,-1.300000,-0.100000,0.059598,0.997723,0.031590,0
0.100000,-0.800000,-0.800000,0.462365,0.829533,0.313200,0
0.100000,-0.800000,-0.800000,0.467636,0.831313,0.300392,1
0.100000,-0.800000,-0.800000,0.472377,0.832475,0.289560,2
0.100000,-0.800000,-0.800000,0.476673,0.833151,0.280432,3
-1.700000,0.100000,-0.800000,0.902853,0.357498,0.238853,0
0.100000,-0.500000,0.800000,0.509189,0.781109,-0.361379,0
0.100000,-0.500000,0.800000,0.514545,0.784273,-0.346639,1
0.100000,-0.500000,0.800000,0.519326,0.786658,-0.333871,2
0.100000,-0.500000,0.800000,0.523617,0.788406,-0.322863,3
0.100000,-0.500000,0.800000,0.527493,0.789638,-0.313406,4
-0.400000,-0.400000,-0.100000,0.703274,0.710076,0.034602,0
1.300000,1.000000,0.700000,-0.060495,0.350461,-0.934622,0
1.300000,1.000000,0.700000,-0.060166,0.360178,-0.930941,1
1.300000,1.000000,0.700000,-0.059894,0.370132,-0.927046,2
1.300000,1.000000,0.700000,-0.059685,0.380316,-0.922929,3
1.300000,1.000000,0.700000,-0.059544,0.390721,-0.918581,4
1.300000,1.000000,0.700000,-0.059477,0.401337,-0.913997,5
1.300000,1.000000,0.700000,-0.059491,0.412150,-0.909172,6
1.300000,1.000000,0.700000,-0.059591,0.423145,-0.904100,7
1.300000,1.000000,0.700000,-0.059786,0.434304,-0.898780,8
1.300000,1.000000,0.700000,-0.060082,0.445608,-0.893210,9
1.300000,1.000000,0.700000,-0.060487,0.457035,-0.887389,10
1.300000,1.000000,0.700000,-0.061008,0.468563,-0.881321,11
1.300000,1.000000,0.700000,-0.061653,0.480166,-0.875009,12
1.300000,1.000000,0.700000,-0.062429,0.491818,-0.868457,13
1.300000,1.000000,0.700000,-0.063344,0.503493,-0.861674,14
1.300000,1.000000,0.700000,-0.064405,0.515164,-0.854668,15
1.300000,1.000000,0.700000,-0.065620,0.526803,-0.847451,16
1.300000,1.000000,0.700000,-0.066994,0.538383,-0.840033,17
1.300000,1.000000,0.700000,-0.068534,0.549875,-0.832430,18
1.300000,1.000000,0.700000,-0.070247,0.561255,-0.824657,19
1.300000,1.000000,0.700000,-0.072136,0.572494,-0.816729,20
1.300000,1.000000,0.700000,-0.074207,0.583570,-0.808665,21
1.300000,1.000000,0.700000,-0.076463,0.594457,-0.800484,22
1.300000,1.000000,0.700000,-0.078908,0.605135,-0.792203,23
1.300000,1.000000,0.700000,-0.081544,0.615581,-0.783844,24
1.300000,1.000000,0.700000,-0.084373,0.625776,-0.775426,25
1.300000,1.000000,0.700000,-0.087397,0.635704,-0.766970,26
1.300000,1.000000,0.700000,-0.090615,0.645349,-0.758495,27
1.300000,1.000000,0.700000,-0.094027,0.654696,-0.750022,28
1.300000,1.000000,0.700000,-0.097634,0.663734,-0.741569,29
-0.600000,-1.500000,0.600000,0.546845,0.817096,-0.182523,0
1.500000,1.700000,-0.500000,-0.356625,-0.622823,0.696355,0
1.900000,1.600000,-0.500000,-0.742127,-0.379405,0.552540,0
1.400000,-1.800000,0.600000,-0.046741,0.979216,-0.197359,0
1.400000,-1.800000,0.600000,-0.039906,0.981039,-0.189660,1
-1.200000,1.600000,-0.100000,0.990513,-0.133438,0.032844,0
0.000000,0.300000,-0.200000,0.785888,0.607825,0.113702,0
0.800000,-0.300000,0.200000,0.275132,0.952211,-0.132654,0
-1.700000,-1.000000,0.500000,0.785363,0.603478,-0.137913,0
-2.000000,-0.200000,-0.100000,0.911117,0.411517,0.022783,0
1.500000,-1.500000,-0.300000,-0.088211,0.991001,0.100677,0
-1.500000,1.400000,-0.900000,0.951431,-0.045101,0.304541,0
-1.500000,1.400000,-0.900000,0.955787,-0.039303,0.291420,1
-1.500000,1.400000,-0.900000,0.959081,-0.033953,0.281090,2
-2.000000,-1.400000,-0.400000,0.769925,0.631721,0.090246,0
0.200000,0.100000,0.200000,0.662935,0.735926,-0.137589,0
0.600000,0.700000,-0.400000,0.690070,0.601358,0.402705,0
0.600000,0.700000,-0.400000,0.693260,0.605221,0.391277,1
0.600000,0.700000,-0.400000,0.696170,0.608858,0.380315,2
0.600000,0.700000,-0.400000,0.698815,0.612280,0.369825,3
0.600000,0.700000,-0.400000,0.701213,0.615499,0.359807,4
0.600000,0.700000,-0.400000,0.703381,0.618525,0.350260,5
-0.500000,-1.600000,-0.500000,0.516171,0.844683,0.141696,0
0.800000,-0.100000,0.100000,0.313293,0.946112,-0.081967,0
0.200000,0.600000,0.800000,0.705749,0.448494,-0.548426,0
0.200000,0.600000,0.800000,0.714162,0.455626,-0.531392,1
0.200000,0.600000,0.800000,0.721812,0.462321,-0.515021,2
0.200000,0.600000,0.800000,0.728724,0.468583,-0.499391,3
0.200000,0.600000,0.800000,0.734931,0.474421,-0.484562,4
0.200000,0.600000,0.800000,0.740472,0.479851,-0.470579,5
0.200000,0.600000,0.800000,0.745390,0.484891,-0.457465,6
0.200000,0.600000,0.800000,0.749734,0.489561,-0.445228,7
0.200000,0.600000,0.800000,0.753553,0.493884,-0.433863,8
0.200000,0.600000,0.800000,0.756893,0.497884,-0.423350,9
0.200000,0.600000,0.800000,0.759802,0.501584,-0.413661,10
-0.700000,-0.400000,-1.000000,0.710179,0.606929,0.356766,0
-0.700000,-0.400000,-1.000000,0.714946,0.609286,0.342962,1
-0.700000,-0.400000,-1.000000,0.718888,0.610998,0.331484,2
-0.700000,-0.400000,-1.000000,0.722169,0.612211,0.321977,3
0.000000,1.300000,0.300000,0.968905,-0.023595,-0.246304,0
0.000000,1.300000,0.300000,0.971391,-0.026332,-0.236020,1
0.000000,1.300000,0.300000,0.973572,-0.029211,-0.226505,2
-0.300000,-1.800000,-0.800000,0.440353,0.870077,0.221484,0
0.300000,0.400000,0.300000,0.717361,0.654156,-0.239736,0
0.300000,0.400000,0.300000,0.719191,0.656050,-0.228831,1
0.300000,0.400000,0.300000,0.720780,0.657727,-0.218795,2
0.600000,-1.100000,0.600000,0.257826,0.934853,-0.244081,0
0.600000,-1.100000,0.600000,0.262043,0.936268,-0.233957,1
-1.100000,0.600000,0.700000,0.922861,0.262518,-0.281799,0
-1.100000,0.600000,0.700000,0.925687,0.266256,-0.268722,1
-1.100000,0.600000,0.700000,0.927834,0.269529,-0.257833,2
1.200000,1.400000,0.300000,0.153482,-0.374564,-0.914410,0
-2.000000,0.800000,0.800000,0.960413,0.138587,-0.241660,0
-2.000000,0.800000,0.800000,0.961954,0.144520,-0.231861,1
-0.500000,0.800000,0.300000,0.951429,0.254734,-0.172895,0
-1.900000,-0.300000,-0.900000,0.868478,0.432238,0.242727,0
-1.900000,-2.000000,-0.100000,0.694113,0.719644,0.017907,0
2.000000,-1.400000,-0.600000,-0.263582,0.942545,0.205266,0
2.000000,-1.400000,-0.600000,-0.255794,0.947052,0.194069,1
2.000000,-1.400000,-0.600000,-0.248421,0.950743,0.185407,2
2.000000,-1.400000,-0.600000,-0.241442,0.953809,0.178758,3
-1.400000,0.700000,-0.500000,0.962711,0.206611,0.174640,0
-1.500000,-1.600000,-1.000000,0.672209,0.700526,0.239578,0
-0.400000,-1.500000,0.900000,0.493019,0.825775,-0.273913,0
-0.400000,-1.500000,0.900000,0.497008,0.826479,-0.264417,1
-1.900000,0.200000,0.800000,0.919636,0.311886,-0.238738,0
-1.900000,0.200000,0.800000,0.920641,0.315802,-0.229543,1
-1.900000,-0.200000,-0.600000,0.894024,0.416601,0.164816,0
0.100000,1.100000,-0.300000,0.961769,0.141307,0.234592,0
-0.100000,1.800000,0.800000,0.811247,-0.317984,-0.490677,0
-0.100000,1.800000,0.800000,0.821296,-0.326694,-0.467700,1
-0.100000,1.800000,0.800000,0.829660,-0.335938,-0.445880,2
-0.100000,1.800000,0.800000,0.836405,-0.345644,-0.425391,3
-0.100000,1.800000,0.800000,0.841627,-0.355733,-0.406347,4
-0.100000,1.800000,0.800000,0.845450,-0.366122,-0.388804,5
-0.100000,1.800000,0.800000,0.848011,-0.376725,-0.372768,6
-0.100000,1.800000,0.800000,0.849453,-0.387455,-0.358202,7
-0.100000,1.800000,0.800000,0.849919,-0.398227,-0.345040,8
-0.100000,1.800000,0.800000,0.849550,-0.408959,-0.333194,9
-0.100000,1.800000,0.800000,0.848477,-0.419571,-0.322563,10
-0.100000,1.800000,0.800000,0.846825,-0.429991,-0.313043,11
-0.100000,1.800000,0.800000,0.844706,-0.440151,-0.304531,12
-0.100000,1.800000,0.800000,0.842223,-0.449995,-0.296926,13
-0.100000,1.800000,0.800000,0.839468,-0.459472,-0.290136,14
-0.100000,1.800000,0.800000,0.836523,-0.468543,-0.284074,15
-0.100000,1.800000,0.800000,0.833456,-0.477178,-0.278661,16
-0.100000,1.800000,0.800000,0.830330,-0.485356,-0.273828,17
-0.500000,0.000000,-0.400000,0.797722,0.577529,0.173492,0
-0.400000,1.000000,-0.400000,0.962360,0.156840,0.221956,0
-1.000000,-1.300000,-0.400000,0.655298,0.747186,0.110895,0
-0.300000,0.800000,1.000000,0.810762,0.245019,-0.531630,0
-0.300000,0.800000,1.000000,0.820923,0.251593,-0.512627,1
-0.300000,0.800000,1.000000,0.829800,0.257638,-0.495030,2
-0.300000,0.800000,1.000000,0.837492,0.263177,-0.478899,3
-0.300000,0.800000,1.000000,0.844112,0.268241,-0.464243,4
-0.300000,0.800000,1.000000,0.849775,0.272867,-0.451027,5
-0.300000,0.800000,1.000000,0.854596,0.277095,-0.439186,6
-0.300000,0.800000,1.000000,0.858681,0.280962,-0.428634,7
-0.300000,0.800000,1.000000,0.862128,0.284508,-0.419273,8
0.300000,-0.300000,1.000000,0.454039,0.747367,-0.485068,0
0.300000,-0.300000,1.000000,0.461614,0.754180,-0.467039,1
0.300000,-0.300000,1.000000,0.468424,0.759812,-0.450848,2
0.300000,-0.300000,1.000000,0.474545,0.764417,-0.436432,3
0.300000,-0.300000,1.000000,0.480056,0.768140,-0.423683,4
0.300000,-0.300000,1.000000,0.485029,0.771113,-0.412470,5
0.300000,-0.300000,1.000000,0.489533,0.773454,-0.402649,6
0.400000,0.800000,-0.500000,0.785515,0.432087,0.443020,0
0.400000,0.800000,-0.500000,0.789351,0.437745,0.430470,1
0.400000,0.800000,-0.500000,0.792777,0.443180,0.418444,2
0.400000,0.800000,-0.500000,0.795819,0.448400,0.406952,3
0.400000,0.800000,-0.500000,0.798501,0.453409,0.396000,4
0.400000,0.800000,-0.500000,0.800849,0.458214,0.385590,5
0.400000,0.800000,-0.500000,0.802889,0.462822,0.375720,6
0.400000,0.800000,-0.500000,0.804643,0.467241,0.366381,7
-1.300000,0.100000,0.500000,0.894065,0.409475,-0.181596,0
-0.800000,0.600000,0.100000,0.949318,0.309496,-0.054850,0
-0.200000,-1.400000,0.200000,0.476962,0.875991,-0.071749,0
1.300000,1.700000,-0.600000,-0.064168,-0.593905,0.801972,0
-0.800000,0.400000,-0.700000,0.880665,0.372886,0.292208,0
-0.800000,0.400000,-0.700000,0.883532,0.375440,0.280028,1
-0.800000,0.400000,-0.700000,0.885798,0.377667,0.269684,2
-1.900000,0.600000,-0.800000,0.950674,0.201825,0.235553,0
1.400000,-2.000000,-0.400000,-0.044468,0.992284,0.115741,0
1.700000,1.200000,0.700000,-0.525985,0.081840,-0.846547,0
1.700000,1.200000,0.700000,-0.533182,0.093770,-0.840788,1
1.700000,1.200000,0.700000,-0.540889,0.106521,-0.834321,2
1.700000,1.200000,0.700000,-0.549146,0.120149,-0.827045,3
1.700000,1.200000,0.700000,-0.557987,0.134706,-0.818844,4
1.700000,1.200000,0.700000,-0.567442,0.150230,-0.809593,5
1.700000,1.200000,0.700000,-0.577530,0.166739,-0.799160,6
1.700000,1.200000,0.700000,-0.588253,0.184223,-0.787413,7
1.700000,1.200000,0.700000,-0.599592,0.202631,-0.774228,8
1.700000,1.200000,0.700000,-0.611498,0.221865,-0.759504,9
1.700000,1.200000,0.700000,-0.623889,0.241767,-0.743176,10
1.700000,1.200000,0.700000,-0.636649,0.262127,-0.725236,11
1.700000,1.200000,0.700000,-0.649631,0.282678,-0.705742,12
1.700000,1.200000,0.700000,-0.662666,0.303124,-0.684828,13
1.700000,1.200000,0.700000,-0.675576,0.323151,-0.662700,14
1.700000,1.200000,0.700000,-0.688184,0.342459,-0.639628,15
1.700000,1.200000,0.700000,-0.700332,0.360783,-0.615931,16
1.700000,1.200000,0.700000,-0.711884,0.377911,-0.591950,17
1.700000,1.200000,0.700000,-0.722735,0.393692,-0.568032,18
1.700000,1.200000,0.700000,-0.732813,0.408039,-0.544508,19
1.700000,1.200000,0.700000,-0.742076,0.420925,-0.521674,20
1.700000,1.200000,0.700000,-0.750514,0.432373,-0.499782,21
1.700000,1.200000,0.700000,-0.758138,0.442442,-0.479031,22
1.700000,1.200000,0.700000,-0.764984,0.451222,-0.459563,23
1.700000,1.200000,0.700000,-0.771098,0.458816,-0.441469,24
1.700000,1.200000,0.700000,-0.776539,0.465339,-0.424791,25
1.700000,1.200000,0.700000,-0.781368,0.470904,-0.409527,26
1.700000,1.200000,0.700000,-0.785650,0.475623,-0.395646,27
1.700000,1.200000,0.700000,-0.789445,0.479603,-0.383089,28
1.700000,1.200000,0.700000,-0.792810,0.482940,-0.371781,29
1.900000,1.000000,0.400000,-0.792294,0.330237,-0.513043,0
1.900000,1.000000,0.400000,-0.800024,0.352084,-0.485797,1
1.900000,1.000000,0.400000,-0.806765,0.372866,-0.458367,2
1.900000,1.000000,0.400000,-0.812472,0.392288,-0.431276,3
1.900000,1.000000,0.400000,-0.817156,0.410152,-0.405008,4
1.900000,1.000000,0.400000,-0.820878,0.426355,-0.379975,5
1.900000,1.000000,0.400000,-0.823735,0.440884,-0.356486,6
1.900000,1.000000,0.400000,-0.825845,0.453791,-0.334743,7
1.900000,1.000000,0.400000,-0.827334,0.465174,-0.314853,8
1.900000,1.000000,0.400000,-0.828321,0.475155,-0.296836,9
1.900000,1.000000,0.400000,-0.828919,0.483868,-0.280652,10
1.900000,1.000000,0.400000,-0.829221,0.491450,-0.266214,11
1.900000,1.000000,0.400000,-0.829309,0.498029,-0.253406,12
1.900000,1.000000,0.400000,-0.829245,0.503727,-0.242098,13
1.900000,1.000000,0.400000,-0.829081,0.508656,-0.232151,14
-1.200000,1.400000,0.300000,0.990294,-0.052683,-0.128614,0
-1.100000,-1.100000,-0.800000,0.686179,0.690841,0.227811,0
-1.800000,1.600000,-0.000000,0.994174,-0.107615,-0.006071,0
-1.200000,0.200000,-0.300000,0.911671,0.397398,0.104546,0
1.500000,0.800000,0.200000,-0.429792,0.818514,-0.381201,0
1.500000,0.800000,0.200000,-0.445453,0.816660,-0.366931,1
1.500000,0.800000,0.200000,-0.461612,0.813962,-0.352676,2
1.500000,0.800000,0.200000,-0.478208,0.810411,-0.338453,3
1.500000,0.800000,0.200000,-0.495159,0.806011,-0.324289,4
1.500000,0.800000,0.200000,-0.512357,0.800784,-0.310218,5
1.500000,0.800000,0.200000,-0.529672,0.794771,-0.296286,6
1.500000,0.800000,0.200000,-0.546955,0.788039,-0.282550,7
1.500000,0.800000,0.200000,-0.564037,0.780678,-0.269079,8
1.500000,0.800000,0.200000,-0.580745,0.772802,-0.255951,9
1.500000,0.800000,0.200000,-0.596908,0.764545,-0.243251,10
1.500000,0.800000,0.200000,-0.612370,0.756051,-0.231062,11
1.500000,0.800000,0.200000,-0.626999,0.747468,-0.219462,12
1.500000,0.800000,0.200000,-0.640697,0.738937,-0.208517,13
1.500000,0.800000,0.200000,-0.653401,0.730584,-0.198277,14
1.500000,0.800000,0.200000,-0.665084,0.722516,-0.188772,15
1.500000,0.800000,0.200000,-0.675749,0.714814,-0.180013,16
1.500000,0.800000,0.200000,-0.685427,0.707537,-0.171993,17
1.500000,0.800000,0.200000,-0.694166,0.700721,-0.164692,18
1.500000,0.800000,0.200000,-0.702026,0.694385,-0.158077,19
1.500000,0.800000,0.200000,-0.709075,0.688531,-0.152109,20
1.000000,-0.300000,-0.900000,0.139448,0.863406,0.484854,0
1.000000,-0.300000,-0.900000,0.145208,0.872026,0.467424,1
1.000000,-0.300000,-0.900000,0.150604,0.879516,0.451409,2
1.000000,-0.300000,-0.900000,0.155666,0.885980,0.436817,3
1.000000,-0.300000,-0.900000,0.160423,0.891525,0.423612,4
1.000000,-0.300000,-0.900000,0.164910,0.896258,0.411736,5
1.000000,-0.300000,-0.900000,0.169155,0.900277,0.401108,6
1.000000,-0.300000,-0.900000,0.173187,0.903674,0.391638,7
1.600000,-1.600000,-0.800000,-0.115734,0.958385,0.260967,0
1.600000,-1.600000,-0.800000,-0.108611,0.962477,0.248679,1
1.600000,-1.600000,-0.800000,-0.101994,0.965609,0.239158,2
-0.500000,0.700000,1.000000,0.832481,0.270363,-0.483611,0
-0.500000,0.700000,1.000000,0.841133,0.276662,-0.464708,1
-0.500000,0.700000,1.000000,0.848451,0.282292,-0.447707,2
-0.500000,0.700000,1.000000,0.854599,0.287310,-0.432567,3
-0.500000,0.700000,1.000000,0.859734,0.291778,-0.419194,4
-0.500000,0.700000,1.000000,0.864004,0.295760,-0.407459,5
-0.500000,0.700000,1.000000,0.867543,0.299314,-0.397216,6
1.900000,-1.600000,0.100000,-0.219620,0.974753,-0.040304,0
2.000000,-0.700000,-0.300000,-0.351315,0.926847,0.132407,0
2.000000,-0.700000,-0.300000,-0.356491,0.926189,0.122830,1
1.900000,1.800000,0.600000,-0.621488,-0.509987,-0.594697,0
-0.900000,-1.600000,-0.700000,0.589705,0.785771,0.186580,0
-1.700000,-1.300000,0.900000,0.734498,0.638999,-0.228457,0
1.200000,1.400000,-0.900000,0.059921,-0.146235,0.987433,0
-1.400000,0.900000,-0.800000,0.950831,0.132395,0.279985,0
-1.400000,0.900000,-0.800000,0.953653,0.136278,0.268280,1
-1.400000,0.900000,-0.800000,0.955745,0.139817,0.258849,2
1.900000,-1.800000,1.000000,-0.196028,0.930687,-0.308861,0
1.900000,-1.800000,1.000000,-0.183169,0.936943,-0.297634,1
1.900000,-1.800000,1.000000,-0.171616,0.941688,-0.289434,2
1.900000,-1.800000,1.000000,-0.161260,0.945302,-0.283547,3
1.900000,-1.800000,1.000000,-0.151981,0.948070,-0.279400,4
-1.900000,-1.300000,-0.000000,0.775230,0.631662,-0.004584,0
1.500000,1.700000,-0.100000,-0.490352,-0.856369,0.161824,0
-0.300000,1.400000,-0.400000,0.967949,-0.081328,0.237615,0
-0.300000,1.400000,-0.400000,0.970212,-0.084231,0.227142,1
-0.300000,1.400000,-0.400000,0.972083,-0.087327,0.217781,2
-0.700000,0.100000,0.300000,0.849718,0.508693,-0.138603,0
0.200000,-0.600000,-0.200000,0.489191,0.868101,0.084213,0
-0.700000,-2.000000,-0.000000,0.512905,0.858431,-0.004896,0
1.500000,0.600000,-0.300000,-0.321447,0.872969,0.366875,0
1.500000,0.600000,-0.300000,-0.332326,0.874711,0.352761,1
1.500000,0.600000,-0.300000,-0.343883,0.875785,0.338742,2
1.500000,0.600000,-0.300000,-0.356129,0.876162,0.324826,3
1.500000,0.600000,-0.300000,-0.369070,0.875814,0.311025,4
1.500000,0.600000,-0.300000,-0.382701,0.874712,0.297353,5
1.500000,0.600000,-0.300000,-0.397005,0.872830,0.283823,6
1.500000,0.600000,-0.300000,-0.411953,0.870143,0.270456,7
1.500000,0.600000,-0.300000,-0.427495,0.866636,0.257275,8
1.500000,0.600000,-0.300000,-0.443561,0.862302,0.244312,9
1.500000,0.600000,-0.300000,-0.460056,0.857151,0.231605,10
1.500000,0.600000,-0.300000,-0.476861,0.851208,0.219201,11
1.500000,0.600000,-0.300000,-0.493829,0.844524,0.207154,12
1.500000,0.600000,-0.300000,-0.510796,0.837173,0.195523,13
1.500000,0.600000,-0.300000,-0.527580,0.829257,0.184372,14
1.500000,0.600000,-0.300000,-0.543998,0.820899,0.173760,15
1.500000,0.600000,-0.300000,-0.559873,0.812238,0.163745,16
1.500000,0.600000,-0.300000,-0.575050,0.803422,0.154371,17
1.500000,0.600000,-0.300000,-0.589400,0.794599,0.145670,18
1.500000,0.600000,-0.300000,-0.602832,0.785903,0.137659,19
1.500000,0.600000,-0.300000,-0.615291,0.777451,0.130337,20
1.500000,0.600000,-0.300000,-0.626755,0.769337,0.123690,21
1.500000,0.600000,-0.300000,-0.637233,0.761632,0.117692,22
1.500000,0.600000,-0.300000,-0.646757,0.754382,0.112307,23
1.500000,0.600000,-0.300000,-0.655376,0.747614,0.107493,24
1.500000,0.600000,-0.300000,-0.663149,0.741338,0.103207,25
-1.000000,0.900000,-0.500000,0.965605,0.158318,0.206258,0
0.700000,-0.500000,-0.300000,0.295153,0.943596,0.150036,0
-0.400000,-1.700000,-0.400000,0.483458,0.868237,0.111503,0
1.600000,0.200000,0.700000,-0.259703,0.801538,-0.538602,0
1.600000,0.200000,0.700000,-0.270810,0.810436,-0.519476,1
1.600000,0.200000,0.700000,-0.282573,0.818129,-0.500817,2
1.600000,0.200000,0.700000,-0.294951,0.824607,-0.482729,3
1.600000,0.200000,0.700000,-0.307893,0.829880,-0.465298,4
1.600000,0.200000,0.700000,-0.321341,0.833969,-0.448594,5
1.600000,0.200000,0.700000,-0.335228,0.836910,-0.432670,6
1.600000,0.200000,0.700000,-0.349481,0.838751,-0.417565,7
1.600000,0.200000,0.700000,-0.364015,0.839550,-0.403298,8
1.600000,0.200000,0.700000,-0.378739,0.839376,-0.389878,9
1.600000,0.200000,0.700000,-0.393555,0.838307,-0.377300,10
1.600000,0.200000,0.700000,-0.408360,0.836430,-0.365550,11
1.600000,0.200000,0.700000,-0.423045,0.833839,-0.354605,12
1.600000,0.200000,0.700000,-0.437502,0.830634,-0.344440,13
1.600000,0.200000,0.700000,-0.451627,0.826916,-0.335025,14
1.600000,0.200000,0.700000,-0.465322,0.822791,-0.326329,15
1.600000,0.200000,0.700000,-0.478498,0.818360,-0.318318,16
1.600000,0.200000,0.700000,-0.491081,0.813722,-0.310959,17
1.600000,0.200000,0.700000,-0.503014,0.808967,-0.304219,18
1.600000,0.200000,0.700000,-0.514256,0.804176,-0.298063,19
1.600000,0.200000,0.700000,-0.524782,0.799421,-0.292455,20
1.600000,0.200000,0.700000,-0.534586,0.794759,-0.287361,21
1.600000,0.200000,0.700000,-0.543671,0.790239,-0.282745,22
1.600000,0.200000,0.700000,-0.552055,0.785896,-0.278572,23
1.600000,-0.200000,1.000000,-0.190259,0.806835,-0.559301,0
1.600000,-0.200000,1.000000,-0.195873,0.819564,-0.538469,1
1.600000,-0.200000,1.000000,-0.202044,0.830647,-0.518848,2
1.600000,-0.200000,1.000000,-0.208739,0.840161,-0.500557,3
1.600000,-0.200000,1.000000,-0.215925,0.848205,-0.483657,4
1.600000,-0.200000,1.000000,-0.223571,0.854893,-0.468161,5
1.600000,-0.200000,1.000000,-0.231647,0.860342,-0.454040,6
1.600000,-0.200000,1.000000,-0.240122,0.864670,-0.441234,7
1.600000,-0.200000,1.000000,-0.248969,0.867989,-0.429662,8
1.600000,-0.200000,1.000000,-0.258156,0.870403,-0.419230,9
1.600000,-0.200000,1.000000,-0.267652,0.872007,-0.409837,10
1.600000,-0.200000,1.000000,-0.277422,0.872886,-0.401382,11
1.600000,-0.200000,1.000000,-0.287430,0.873117,-0.393764,12
1.600000,-0.200000,1.000000,-0.297635,0.872771,-0.386892,13
1.600000,-0.200000,1.000000,-0.307993,0.871909,-0.380677,14
1.600000,-0.200000,1.000000,-0.318457,0.870591,-0.375041,15
1.600000,-0.200000,1.000000,-0.328976,0.868872,-0.369915,16
1.600000,-0.200000,1.000000,-0.339497,0.866802,-0.365235,17
1.600000,-0.200000,1.000000,-0.349964,0.864432,-0.360948,18
1.600000,-0.200000,1.000000,-0.360322,0.861808,-0.357007,19
1.600000,-0.200000,1.000000,-0.370519,0.858979,-0.353372,20
1.600000,-0.200000,1.000000,-0.380501,0.855986,-0.350009,21
1.600000,-0.200000,1.000000,-0.390220,0.852874,-0.346892,22
1.600000,-0.200000,1.000000,-0.399635,0.849682,-0.343995,23
1.600000,-0.200000,1.000000,-0.408708,0.846446,-0.341300,24
-1.200000,1.500000,-0.100000,0.995073,-0.093495,0.032995,0
0.700000,1.700000,0.400000,0.677727,-0.527167,-0.512621,0
0.700000,1.700000,0.400000,0.684401,-0.539785,-0.490130,1
0.700000,1.700000,0.400000,0.690023,-0.552660,-0.467371,2
0.700000,1.700000,0.400000,0.694561,-0.565693,-0.444495,3
0.700000,1.700000,0.400000,0.698010,-0.578766,-0.421677,4
0.700000,1.700000,0.400000,0.700391,-0.591748,-0.399107,5
0.700000,1.700000,0.400000,0.701753,-0.604502,-0.376987,6
0.700000,1.700000,0.400000,0.702174,-0.616892,-0.355522,7
0.700000,1.700000,0.400000,0.701755,-0.628791,-0.334906,8
0.700000,1.700000,0.400000,0.700614,-0.640093,-0.315311,9
0.700000,1.700000,0.400000,0.698880,-0.650715,-0.296878,10
0.700000,1.700000,0.400000,0.696683,-0.660603,-0.279707,11
0.700000,1.700000,0.400000,0.694149,-0.669729,-0.263856,12
0.700000,1.700000,0.400000,0.691389,-0.678092,-0.249343,13
0.700000,1.700000,0.400000,0.688501,-0.685711,-0.236148,14
0.700000,1.700000,0.400000,0.685567,-0.692619,-0.224225,15
0.700000,1.700000,0.400000,0.682649,-0.698861,-0.213504,16
0.700000,1.700000,0.400000,0.679797,-0.704484,-0.203905,17
0.700000,1.700000,0.400000,0.677047,-0.709542,-0.195339,18
0.900000,0.400000,-0.500000,0.335114,0.824290,0.456339,0
0.900000,0.400000,-0.500000,0.341767,0.828396,0.443797,1
0.900000,0.400000,-0.500000,0.348234,0.832083,0.431706,2
0.900000,0.400000,-0.500000,0.354516,0.835372,0.420085,3
0.900000,0.400000,-0.500000,0.360611,0.838285,0.408947,4
0.900000,0.400000,-0.500000,0.366521,0.840844,0.398302,5
0.900000,0.400000,-0.500000,0.372247,0.843070,0.388155,6
0.900000,0.400000,-0.500000,0.377793,0.844988,0.378508,7
0.900000,0.400000,-0.500000,0.383162,0.846618,0.369358,8
0.900000,0.400000,-0.500000,0.388358,0.847983,0.360699,9
-1.900000,0.600000,0.800000,0.948107,0.201280,-0.246129,0
-1.900000,0.600000,0.800000,0.949583,0.206272,-0.236103,1
0.600000,1.100000,0.600000,0.713653,0.185079,-0.675607,0
0.600000,1.100000,0.600000,0.723347,0.188512,-0.664253,1
0.600000,1.100000,0.600000,0.732693,0.191887,-0.652947,2
0.600000,1.100000,0.600000,0.741683,0.195206,-0.641717,3
0.600000,1.100000,0.600000,0.750312,0.198470,-0.630588,4
0.600000,1.100000,0.600000,0.758577,0.201680,-0.619586,5
0.600000,1.100000,0.600000,0.766478,0.204838,-0.608731,6
0.600000,1.100000,0.600000,0.774016,0.207948,-0.598044,7
0.600000,1.100000,0.600000,0.781195,0.211012,-0.587544,8
0.600000,1.100000,0.600000,0.788020,0.214032,-0.577248,9
0.600000,1.100000,0.600000,0.794497,0.217013,-0.567168,10
0.600000,1.100000,0.600000,0.800633,0.219957,-0.557320,11
0.600000,1.100000,0.600000,0.806436,0.222868,-0.547713,12
0.600000,1.100000,0.600000,0.811916,0.225749,-0.538358,13
0.600000,1.100000,0.600000,0.817082,0.228604,-0.529260,14
0.600000,1.100000,0.600000,0.821944,0.231436,-0.520428,15
0.600000,1.100000,0.600000,0.826513,0.234248,-0.511863,16
-0.100000,1.700000,-0.200000,0.945277,-0.300680,0.126658,0
-0.100000,1.700000,-0.200000,0.942427,-0.312245,0.119725,1
-0.100000,1.700000,-0.200000,0.939186,-0.324118,0.113474,2
-0.100000,1.700000,-0.200000,0.935578,-0.336250,0.107846,3
-0.100000,1.700000,-0.200000,0.931624,-0.348588,0.102782,4
-0.100000,1.700000,-0.200000,0.927351,-0.361070,0.098233,5
-0.100000,1.700000,-0.200000,0.922789,-0.373627,0.094150,6
-0.100000,1.700000,-0.200000,0.917972,-0.386186,0.090491,7
-0.100000,1.700000,-0.200000,0.912938,-0.398669,0.087215,8
-0.100000,1.700000,-0.200000,0.907732,-0.410997,0.084288,9
-0.100000,1.700000,-0.200000,0.902398,-0.423093,0.081676,10
-0.100000,1.700000,-0.200000,0.896986,-0.434880,0.079350,11
-0.100000,1.700000,-0.200000,0.891544,-0.446291,0.077282,12
-0.100000,1.700000,-0.200000,0.886123,-0.457267,0.075448,13
-0.100000,1.700000,-0.200000,0.880768,-0.467758,0.073825,14
-0.100000,1.700000,-0.200000,0.875522,-0.477725,0.072391,15
-0.100000,1.700000,-0.200000,0.870422,-0.487141,0.071127,16
-0.100000,1.700000,-0.200000,0.865500,-0.495992,0.070014,17
-1.200000,1.600000,0.900000,0.929141,-0.125171,-0.347894,0
-1.200000,1.600000,0.900000,0.936022,-0.120814,-0.330556,1
-1.200000,1.600000,0.900000,0.941430,-0.116885,-0.316302,2
-1.200000,1.600000,0.900000,0.945688,-0.113332,-0.304680,3
-1.200000,1.600000,0.900000,0.949051,-0.110104,-0.295262,4
-1.800000,0.300000,-0.400000,0.946432,0.300490,0.118201,0
-0.200000,0.100000,1.000000,0.683818,0.550201,-0.479241,0
-0.200000,0.100000,1.000000,0.691235,0.556576,-0.460886,1
-0.200000,0.100000,1.000000,0.697603,0.561970,-0.444454,2
-0.200000,0.100000,1.000000,0.703055,0.566503,-0.429870,3
-0.200000,0.100000,1.000000,0.707717,0.570293,-0.417016,4
-0.200000,0.100000,1.000000,0.711707,0.573447,-0.405748,5
-0.200000,0.100000,1.000000,0.715126,0.576063,-0.395913,6
0.300000,-0.800000,0.100000,0.417892,0.907007,-0.052000,0
-1.600000,-0.100000,0.200000,0.899404,0.431652,-0.068916,0
-0.900000,1.800000,0.300000,0.961101,-0.236773,-0.142212,0
-0.600000,0.300000,0.300000,0.876000,0.458197,-0.150599,0
-0.900000,1.000000,0.600000,0.954250,0.119410,-0.274134,0
-0.900000,1.000000,0.600000,0.957664,0.122489,-0.260529,1
-0.900000,1.000000,0.600000,0.960382,0.125298,-0.248932,2
-0.900000,1.000000,0.600000,0.962539,0.127875,-0.239094,3
-2.000000,1.800000,-0.200000,0.985474,-0.160695,0.054932,0
-2.000000,1.800000,-0.200000,0.987528,-0.148215,0.053108,1
-2.000000,1.800000,-0.200000,0.989251,-0.136763,0.051750,2
-2.000000,1.800000,-0.200000,0.990695,-0.126287,0.050740,3
-0.200000,2.000000,-0.800000,0.805406,-0.404799,0.432965,0
-0.200000,2.000000,-0.800000,0.813378,-0.413734,0.408949,1
-0.200000,2.000000,-0.800000,0.819405,-0.422843,0.387014,2
-0.200000,2.000000,-0.800000,0.823706,-0.432030,0.367230,3
-0.200000,2.000000,-0.800000,0.826522,-0.441207,0.349569,4
-0.200000,2.000000,-0.800000,0.828088,-0.450288,0.333934,5
-0.200000,2.000000,-0.800000,0.828628,-0.459197,0.320179,6
-0.200000,2.000000,-0.800000,0.828343,-0.467868,0.308136,7
-0.200000,2.000000,-0.800000,0.827411,-0.476244,0.297630,8
-0.200000,2.000000,-0.800000,0.825983,-0.484281,0.288485,9
-0.200000,2.000000,-0.800000,0.824191,-0.491942,0.280539,10
-0.200000,2.000000,-0.800000,0.822140,-0.499205,0.273642,11
